project_id,plotid,plotid_old,x,y
29,1,1,4955216.5758302,2843617.90806834
29,2,4,5187364.7918528,2951727.12623713
29,3,7,5211647.73970028,2932874.95935986
29,4,8,5118188.16643346,2937927.27037455
29,5,9,4953540.20108328,2938857.06890963
29,6,11,4926719.74774529,2900996.55610741
29,7,12,5222744.0363379,2946323.42337017
29,8,13,5026820.00007841,2837649.22963998
29,9,14,5102279.89530765,2954977.55480957
29,10,20,4980984.70896929,2905598.12977584
29,11,24,4947807.49621761,2859476.01823914
29,12,25,5095650.0063496,2900039.52512155
29,13,26,5162515.1154903,2917933.50801489
29,14,27,4927321.77355191,2894835.10786362
29,15,28,4841368.99585357,2875493.68772855
29,16,29,4879998.71606432,2887458.71550716
29,17,32,5001332.95973865,2849685.31135657
29,18,33,4982654.42570083,2885355.11702156
29,19,34,4874219.21042145,2855709.62375408
29,20,36,5056702.16467358,2911861.97116904
29,21,40,5176674.29083346,2945366.3418188
29,22,43,5221329.26344586,2952007.92479145
29,23,44,5048606.36727374,2888592.44893064
29,24,45,4952713.79136762,2844154.99712909
29,25,46,4963861.38057795,2866152.60180825
29,26,50,5028668.8590635,2949506.27577086
29,27,52,5133323.18820396,2917659.8265196
29,28,53,4971648.57922671,2857876.5814266
29,29,57,4928805.88407743,2849329.38397323
29,30,59,4860415.11633147,2847294.24624027
29,31,62,5048307.31225952,2884021.90153404
29,32,64,4932603.31598905,2846982.65742672
29,33,67,4835885.87713965,2845962.55466218
29,34,70,5107363.62740272,2890013.66542083
29,35,74,4902631.4589313,2872539.57498543
29,36,75,5183504.26509054,2948132.82845456
29,37,76,4963746.54350743,2947523.50506294
29,38,77,5226032.65199585,2959927.82831026
29,39,81,5167804.22008016,2914720.21666518
29,40,82,5060449.02433152,2840407.41402254
29,41,87,4941103.61209862,2964374.84378494
29,42,93,4979723.53507248,2914790.89544165
29,43,94,5012421.31241457,2917267.41137299
29,44,95,5162586.81494983,2953389.20471178
29,45,96,5096043.22824552,2931335.67408031
29,46,101,4945482.55119239,2846566.25763094
29,47,104,5121377.85515382,2983363.48667065
29,48,106,4840834.98702834,2848379.60565277
29,49,111,4994745.67883652,2947746.13349966
29,50,113,5112590.86381212,2935411.20270486
29,51,114,4922737.81545464,2892208.00482296
29,52,115,4869526.60498272,2884086.86761925
29,53,116,5221202.72047368,2958191.89521042
29,54,117,5012660.76522605,2841846.46990993
29,55,118,5139329.02433311,2915344.44507556
29,56,119,5213309.76243269,2934130.07038962
29,57,121,4935593.75036605,2957779.58821737
29,58,122,4995460.13718519,2941263.24830881
29,59,126,5131684.85609612,2913765.60398919
29,60,130,4852060.44283105,2820213.41231445
29,61,132,4870430.47196023,2862487.4689565
29,62,133,5212131.2953622,2891935.46133597
29,63,137,4982994.42006543,2851163.82635782
29,64,138,4912522.64430945,2864529.23009684
29,65,141,4981704.91977219,2949248.7310818
29,66,142,5095784.93486158,2939045.78743171
29,67,147,5065012.75060195,2890570.77447901
29,68,149,5110309.73458245,2897597.92109434
29,69,150,5078760.62356671,2975923.35457948
29,70,151,5020824.06626218,2907322.23638367
29,71,153,4845443.87511685,2857241.69351082
29,72,155,4966097.54517189,2784492.15484638
29,73,159,5057657.78062096,2853078.54347316
29,74,161,5163062.40847292,2900417.00358027
29,75,163,5195642.30588895,2923945.51853119
29,76,164,5190766.24255385,2934425.92009879
29,77,165,5067604.50001173,2877655.1253107
29,78,168,4915033.59874032,2877797.9005886
29,79,171,5183337.70681609,2930170.58626861
29,80,172,4972158.68205904,2861018.4045053
29,81,179,4974654.00963094,2905165.65802972
29,82,180,5055084.05836961,2883064.99018059
29,83,181,5059783.41243071,2953857.04187731
29,84,183,4975951.90978793,2849170.89611262
29,85,185,5012435.73008768,2935887.15432283
29,86,186,5016468.82839183,2893033.02982164
29,87,187,5038771.73826518,2869896.14433496
29,88,189,5105538.99439252,2905114.07513967
29,89,192,5179105.72389362,2955767.0388513
29,90,196,5003867.68107326,2834612.28983911
29,91,199,5195787.13174023,2958262.52323418
29,92,200,5050663.22064244,2832503.37810549
29,93,201,4871725.02745723,2788483.0727248
29,94,203,5081455.30164214,2904466.00001478
29,95,205,4956529.51181926,2958220.60798156
29,96,214,4846365.55306682,2856492.97167978
29,97,215,4923899.04470831,2941758.88151545
29,98,218,4956561.28817805,2956980.51687991
29,99,219,5028042.13352365,2914905.68239258
29,100,220,5125226.24828797,2957560.6538347
29,101,221,5098746.34159045,2923477.59657784
29,102,227,5160656.18898196,2956410.85457891
29,103,228,5097071.24635887,2976468.96839346
29,104,229,5014805.50752428,2956168.82053123
29,105,234,4974231.4923118,2876869.68389909
29,106,235,5190562.5284675,2943607.08418833
29,107,240,5064815.79930101,2957532.34553455
29,108,244,5116554.91492422,2961296.5269336
29,109,245,4994966.8635617,2977604.69104016
29,110,248,4927315.3941146,2931951.11380875
29,111,249,5124487.33941271,2965017.6341824
29,112,252,5220203.99420412,2924745.69447928
29,113,257,4904031.63916406,2881240.96312604
29,114,258,4940790.60221206,2965876.18342471
29,115,260,5174346.71478648,2936714.78003774
29,116,262,5139440.10910044,2924053.78536414
29,117,268,5161484.31941402,2966994.1586395
29,118,271,5013275.38392059,2838052.36887316
29,119,275,5014637.64561362,2921973.58859444
29,120,277,4935845.0756184,2932470.26668949
29,121,280,4944939.74168123,2921751.82174343
29,122,282,4912666.07319522,2930394.59424702
29,123,283,5069144.59499157,2867558.68485399
29,124,284,5025928.82166716,2956566.83760187
29,125,288,4944635.61172031,2968153.85485254
29,126,290,5068381.05798388,2918570.67195136
29,127,292,4888748.23723834,2775194.36723029
29,128,297,5010923.33463659,2920443.94418499
29,129,298,4974689.94001201,2832077.25598985
29,130,300,5186920.69809412,2883776.95947951
29,131,305,4995731.43863508,2927091.51493883
29,132,307,5067202.24909537,2870061.57570851
29,133,308,4900159.53483307,2903145.79052988
29,134,309,5038589.71152334,2882715.41217571
29,135,312,5010796.48641435,2908125.33420111
29,136,313,5056304.14916516,2927325.96702891
29,137,314,4931918.74134414,2938134.74297119
29,138,317,5208350.96152438,2962994.00996194
29,139,318,5006709.8892493,2944502.73821715
29,140,319,4987776.61102934,2849753.56319651
29,141,321,5005301.23297098,2855500.56371249
29,142,322,5210809.88339442,2957011.66368347
29,143,325,5019422.70037246,2883849.49469814
29,144,326,4920114.51934292,2898309.82834348
29,145,328,4978794.22166799,2898438.80165465
29,146,332,4950716.41065541,2943412.39045189
29,147,333,4913204.58970894,2834355.89558344
29,148,334,5112932.56858435,2945826.38430963
29,149,335,5077445.26180437,2969251.89361428
29,150,336,5214879.51523232,2943398.27151604
29,151,340,4971071.46619885,2831537.49465083
29,152,341,4993209.82151796,2843887.27083676
29,153,342,4956763.59159305,2884395.56535407
29,154,344,5053499.85149275,2940180.32552108
29,155,346,5205203.8520155,2932628.74141742
29,156,347,5133941.98057581,2925594.59178523
29,157,348,5067797.39680818,2880266.08636922
29,158,350,5121187.77485606,2908718.09913367
29,159,351,5069588.34038381,2912220.35724833
29,160,353,5163936.3663915,2954505.35845742
29,161,356,5033154.53841202,2894351.99395039
29,162,357,5080518.44115721,2913925.93373401
29,163,358,5098152.58863357,2938399.94891037
29,164,361,4954431.66903722,2909968.95783086
29,165,366,4968809.97842265,2880156.73779727
29,166,372,5185297.30076872,2920982.05028513
29,167,374,4914168.130847,2924519.60180094
29,168,383,5060890.98720607,2886032.94745227
29,169,384,5046312.35176366,2949458.20798465
29,170,385,5090533.48918594,2976423.98140144
29,171,386,5075760.73464446,2959334.30155795
29,172,387,5055727.77534748,2918277.25204815
29,173,391,5157377.12016256,2986346.99624521
29,174,392,4989840.33724764,2905346.62576985
29,175,395,4904831.92756671,2900671.60425566
29,176,396,5101954.15283717,2884550.70816797
29,177,399,5089797.43741377,2868473.77930831
29,178,400,4933873.03223566,2899334.81777298
29,179,402,4967805.18315293,2853903.15785517
29,180,404,4878663.1576974,2875091.16232465
29,181,408,5073096.66985562,2954192.2455403
29,182,410,5048636.40765504,2924866.13633826
29,183,411,4984913.28435197,2879044.65870986
29,184,416,5071213.79764549,2923615.09484834
29,185,421,4943380.73847278,2940551.32406548
29,186,422,4922315.28327763,2924343.09765786
29,187,424,5002006.13171999,2837400.14417634
29,188,425,5201898.74170271,2953380.92422457
29,189,434,5160281.33599738,2901820.79173808
29,190,436,5107134.70802736,2944465.23263575
29,191,437,5017066.66254212,2908762.66363837
29,192,444,5009814.3392108,2847432.00270669
29,193,447,5071516.48480233,2961398.80541561
29,194,448,4941358.01101522,2884884.85131579
29,195,450,5151592.08638001,2961788.84127893
29,196,451,4923197.48807803,2893824.28144474
29,197,452,4939733.63170032,2875295.079438
29,198,456,5091465.08490418,2944502.58618737
29,199,457,4983561.09446778,2911570.93783224
29,200,461,5177834.665709,2934627.89446681
29,201,464,5093838.9477685,2874185.1039751
29,202,465,5180203.22736249,2931915.69886679
29,203,467,5165141.11497192,2906262.85845429
29,204,469,4937179.85875294,2902196.63720935
29,205,471,4976456.0506146,2935737.2691777
29,206,472,5148484.0146673,2935450.05514436
29,207,473,5036462.3856346,2932421.91589073
29,208,474,4954806.75089092,2963518.23084377
29,209,475,5108017.770314,2939918.21228453
29,210,477,5140041.48081638,2987432.48663832
29,211,478,5112278.83083548,2908317.37931685
29,212,479,4871573.75505987,2860219.88665603
29,213,485,4961657.34807343,2831256.51346538
29,214,487,4983888.10795477,2951702.48333897
29,215,488,4996490.96121993,2847565.00446822
29,216,489,4962328.75675886,2915614.36921404
29,217,491,4984731.25270266,2889582.44205087
29,218,492,4995564.64294686,2958407.9340833
29,219,494,4975352.60127866,2835635.96634597
29,220,497,5020551.6674422,2913294.77926344
29,221,498,4910147.71706011,2866056.11996608
29,222,499,4882545.8023901,2815132.10237539
29,223,503,5224940.27969672,2931848.43543328
29,224,504,4953356.30729766,2959596.16163467
29,225,509,5014552.16458928,2918437.72778079
29,226,510,4964990.31209677,2840189.99868072
29,227,511,5027188.48395348,2867461.44295002
29,228,512,4981995.77502275,2913765.26770109
29,229,513,5025114.75947436,2855126.12842443
29,230,516,5159157.26904063,2896484.08692854
29,231,517,5173132.01473315,2936531.06843185
29,232,519,5085930.67299743,2920179.55336766
29,233,520,5168118.62042559,2958178.21371635
29,234,521,4941281.23856359,2908516.29033128
29,235,523,4994767.91064133,2848157.44730257
29,236,528,4853646.43613406,2832055.40447884
29,237,532,5060395.27155588,2918888.18986411
29,238,534,5064499.47635683,2868653.462829
29,239,535,5018782.0780871,2944222.01236962
29,240,536,5177687.18565098,2954913.87425815
29,241,539,5103208.01915441,2883645.58381303
29,242,540,4975406.19207957,2895715.16154671
29,243,543,5192362.63135445,2972612.10429967
29,244,544,5163317.97499507,2939819.81361385
29,245,552,5073550.62064086,2925030.29212681
29,246,553,5008563.59763657,2848732.5627422
29,247,554,4942623.06479152,2967213.99132607
29,248,556,4962207.99963129,2851974.88263153
29,249,562,4922273.98406712,2837616.75178312
29,250,569,5113239.13506633,2903022.66554629
29,251,572,5134751.53257942,2958087.88401785
29,252,574,4918621.64295559,2913411.31202644
29,253,576,4938002.72595166,2924203.42267342
29,254,577,5099402.0003936,2919231.00505555
29,255,578,5107222.49211259,2968883.85827165
29,256,579,4988582.70556944,2975489.73205744
29,257,582,4962559.30679512,2870905.36933333
29,258,583,4987315.41622596,2892003.61809726
29,259,585,5091353.59841694,2906593.80585679
29,260,587,4910076.33893904,2868199.44675884
29,261,589,4976232.33594842,2836252.84517747
29,262,590,4924148.71941214,2845116.17111732
29,263,596,5224662.0717825,2920586.78004164
29,264,599,4996508.11770945,2830841.70415994
29,265,603,5010862.22714251,2855603.93525397
29,266,606,5229127.27838512,2961522.35069629
29,267,607,5137796.84322817,2917727.03235902
29,268,610,4943517.86499564,2823062.02978012
29,269,611,5221126.36509018,2931635.33476764
29,270,614,5095522.61308331,2897194.6396905
29,271,615,4934602.97162104,2866669.64633397
29,272,616,5174641.29254467,2975917.65340633
29,273,618,4841165.64458787,2865942.27710005
29,274,619,4980745.59795276,2921229.2830305
29,275,621,4955162.86639376,2951062.52311607
29,276,622,5169985.03199409,2951285.83040453
29,277,625,5041590.33143966,2866583.3284603
29,278,628,4996969.80669844,2953000.48859084
29,279,633,5079007.08041686,2912665.42968828
29,280,636,5035606.43948712,2862953.17046805
29,281,638,5130182.79614393,2956820.02458106
29,282,640,5160185.82421126,2893812.71686616
29,283,641,5036620.01450458,2921479.75355122
29,284,642,5062929.09536544,2944456.16161136
29,285,644,5091599.80715674,2942152.58605881
29,286,646,5056503.91746259,2960260.09806644
29,287,648,5116750.95507361,2900361.08493553
29,288,650,4965939.3195777,2965494.55955994
29,289,653,4912769.2338031,2922701.86493469
29,290,654,4909908.78077376,2880097.53651975
29,291,657,5069671.30438554,2879059.12189156
29,292,660,5209940.99690695,2952440.64071444
29,293,664,5031947.11188249,2886061.82711651
29,294,665,4957607.12651098,2837207.30133677
29,295,666,4987952.07924495,2880228.10881495
29,296,671,5018542.27371102,2966968.09747232
29,297,675,4992568.44045684,2975178.32733508
29,298,677,4958559.12496082,2951663.46345939
29,299,682,5060642.66532154,2961370.00546426
29,300,683,5017466.05221125,2968507.21285196
29,301,685,5071678.09253673,2914904.52512289
29,302,688,5019814.57226082,2839758.89145651
29,303,702,5044680.3285401,2916130.09853097
29,304,703,5059673.24035625,2940441.3879491
29,305,705,5051077.23472155,2876085.08884768
29,306,706,5017467.56566144,2949431.06971976
29,307,707,5189591.45612958,2963709.14207401
29,308,708,5085172.01534491,2896700.51866955
29,309,709,5085849.38415872,2965080.1077313
29,310,711,4942499.14831883,2887847.51630295
29,311,714,5027200.88600126,2906821.76400444
29,312,719,4839061.01760523,2853792.95927303
29,313,722,5094766.13753509,2895743.90648619
29,314,725,5039180.48496102,2928577.88796969
29,315,730,5033605.03621676,2923638.8631373
29,316,731,5189671.87798802,2966032.11190925
29,317,732,4962695.7428892,2955047.6370606
29,318,736,4957185.13171183,2921734.85998195
29,319,737,5035677.44250584,2866607.96228798
29,320,740,4949768.15061763,2928060.8022112
29,321,741,4896393.82142399,2799427.42167416
29,322,743,5219114.23080729,2958392.15909922
29,323,744,5042650.46605186,2946142.30267268
29,324,748,5065544.20436908,2894174.44461143
29,325,749,4924063.58691713,2933042.26657906
29,326,750,5035211.6418123,2918078.67432693
29,327,752,5138896.03444854,2933090.01707855
29,328,754,5001130.72241575,2905642.7974941
29,329,756,4963019.7612933,2931292.35320153
29,330,757,5055979.49899127,2918831.55763902
29,331,759,5196265.76344555,2892119.84975855
29,332,763,5005678.58115253,2902741.67174716
29,333,765,5112231.22072404,2911318.63493163
29,334,766,5094945.7489245,2928708.8539798
29,335,769,5083583.72597977,2952734.61367822
29,336,770,4911188.87397934,2913058.29394706
29,337,771,5042257.94927066,2913852.30040549
29,338,775,5083875.45100725,2934333.49748155
29,339,778,4964928.78780772,2969047.31486957
29,340,779,4989279.71860144,2942278.41593379
29,341,787,4948609.44002541,2888336.09980435
29,342,789,5020732.3965175,2847790.21800425
29,343,791,4972649.18651665,2930520.39320545
29,344,792,5160796.25744782,2931656.5767303
29,345,794,5012726.21170461,2880537.96146917
29,346,795,4987338.13867708,2851509.34306569
29,347,796,5200348.53725873,2886383.89111585
29,348,798,4928661.12934478,2910876.92771505
29,349,801,5017874.84280936,2888202.86815734
29,350,802,4957595.33803287,2872106.05364695
29,351,803,5212929.27509056,2938146.68696448
29,352,804,4949580.18131603,2957875.40244249
29,353,806,4951159.66308643,2905016.92802788
29,354,811,5026183.79261469,2879488.10481201
29,355,812,4960696.69983313,2874724.50544532
29,356,813,5030128.55280197,2936329.64822567
29,357,815,4841754.85059014,2845404.46832544
29,358,816,4946086.68849903,2783096.06261553
29,359,819,4977839.75283168,2871064.9957192
29,360,821,5062785.50004569,2962452.64003635
29,361,823,5012465.9148418,2914905.25609802
29,362,824,5110108.17824692,2898144.90541127
29,363,825,4978560.08153055,2909515.69838669
29,364,826,5195675.10604336,2891604.97863959
29,365,828,4911089.10486679,2895595.88067582
29,366,832,4960859.24042128,2925594.67124988
29,367,835,5023541.55857216,2882007.26189719
29,368,836,4882597.81683962,2860742.03531744
29,369,837,5008734.7260216,2851915.59244827
29,370,839,5086141.61258088,2969044.56128778
29,371,840,5108805.43391794,2906183.48749596
29,372,841,4868893.51019211,2880974.27813693
29,373,845,5012656.07038142,2947948.07980904
29,374,849,5059870.47816903,2878528.85872181
29,375,851,4905384.61036402,2861479.03182606
29,376,855,4990253.40823258,2934650.49272298
29,377,856,5014441.75715397,2852678.37099345
29,378,860,4962490.67505782,2929330.66098968
29,379,861,4955857.57206966,2959486.01022988
29,380,862,4855595.33466283,2829422.30582179
29,381,866,4937180.01518765,2864383.92094301
29,382,868,5027661.37420614,2939907.51322005
29,383,869,5019972.16631242,2838264.42194272
29,384,871,4945241.39776241,2804144.6069462
29,385,873,5183761.39493821,2887555.12823797
29,386,879,5145462.18896714,2953870.25655818
29,387,881,4989294.86764672,2897097.28960088
29,388,882,5219908.86995775,2924488.15378971
29,389,886,5075960.04892869,2963314.79320192
29,390,887,4976067.22470129,2865578.89126623
29,391,888,5099571.04665383,2909228.90438117
29,392,889,4900428.98807634,2898681.59353498
29,393,891,4932349.414192,2913614.0158641
29,394,893,5006968.03777894,2936796.71384561
29,395,894,5137707.74599205,2904948.77936819
29,396,898,4900092.92548446,2854794.32403505
29,397,899,4842477.30425027,2839978.90123042
29,398,902,4989593.91809722,2903518.25560139
29,399,903,5075406.74542786,2919628.07699801
29,400,907,5202098.28075799,2934590.78280619
29,401,909,5048019.66161718,2937684.52431154
29,402,910,5039411.03691906,2870083.11123734
29,403,911,5050792.35334239,2838262.06514236
29,404,913,4943244.56933598,2860008.8949707
29,405,914,4937472.97082773,2887612.21536622
29,406,915,4925142.43860496,2943189.70049848
29,407,916,5057673.13087506,2920088.82966243
29,408,917,4846629.56888116,2851186.09691835
29,409,918,4983439.15805607,2822577.99091238
29,410,919,5112657.12603735,2937427.02870796
29,411,920,5087521.96272222,2916985.70103626
29,412,924,5151429.2404813,2947719.78726424
29,413,927,5059991.93259937,2883072.97952793
29,414,928,4919208.44184927,2938840.33479828
29,415,929,5216169.62524656,2941222.11553278
29,416,930,4957254.73462634,2901072.54585168
29,417,931,5225007.12159229,2963178.05567335
29,418,934,5056289.04717205,2906635.58864082
29,419,935,5015482.54456752,2860272.89786687
29,420,937,5140536.37175519,2907138.22972622
29,421,939,5189914.98013046,2955579.29743791
29,422,941,4867244.87767241,2843133.31099184
29,423,943,5167887.84482177,2984502.7637045
29,424,946,4936886.66811873,2885825.1218502
29,425,947,5229652.3708381,2962271.00536642
29,426,948,4964564.88516467,2927182.51970857
29,427,950,4978747.07269151,2878729.10112923
29,428,953,5008541.1581654,2858626.69383415
29,429,955,5001207.78819065,2950570.08286142
29,430,956,5091111.1254189,2906800.37641818
29,431,961,5071338.81617624,2959731.11512643
29,432,964,4977189.27941076,2871574.83263209
29,433,967,5141484.02443437,2916551.08255542
29,434,974,4957917.79597551,2951081.38741105
29,435,976,4870885.41454344,2803826.30501781
29,436,977,5044723.99791487,2886551.68945378
29,437,978,5110085.47096078,2933088.27003349
29,438,979,5134134.12517059,2917295.90395785
29,439,982,5012328.90380611,2922629.0928316
29,440,983,4862494.27808645,2879148.07614476
29,441,984,5061952.38648654,2874042.2392557
29,442,986,5067527.77182156,2837793.6759833
29,443,987,4969608.94600647,2956662.96766739
29,444,989,4959367.79488377,2841961.12164677
29,445,990,4953714.90486294,2843940.15987269
29,446,991,4919133.65825216,2938525.6248632
29,447,993,5107008.16273131,2924570.93721441
29,448,995,4966889.35557986,2924980.7900279
29,449,998,4879847.692599,2886124.46316786
29,450,1001,4982113.40920063,2882845.43813885
29,451,1004,5215379.94419406,2956001.58295886
29,452,1009,4969616.94166211,2889323.44187779
29,453,1011,4988199.67182012,2841256.8270151
29,454,1014,5001015.88652839,2832971.99689005
29,455,1015,4846151.83236519,2858343.52728161
29,456,1017,4985759.06562618,2951345.88197706
29,457,1019,5186868.8789862,2915656.54924337
29,458,1023,4901734.02004842,2867543.46562688
29,459,1025,5074035.47659304,2895572.43306786
29,460,1027,4990340.53026854,2927891.73784105
29,461,1030,5068554.64220805,2916773.90672806
29,462,1031,4973305.70626732,2942096.37388803
29,463,1033,4976466.91376588,2870920.40895603
29,464,1035,4912734.10662846,2913471.44909993
29,465,1036,5203642.62828892,2948749.85573805
29,466,1044,5195627.15051063,2951762.05971348
29,467,1045,5035760.61688685,2882169.49484992
29,468,1046,5071018.75441803,2872760.95386375
29,469,1047,5004070.51395778,2832183.72992091
29,470,1048,5017925.39117854,2856418.14903486
29,471,1049,4915813.32283075,2831012.99913161
29,472,1050,5186351.63075865,2944641.84713148
29,473,1051,5167256.5204576,2956223.67874291
29,474,1052,5129325.23540856,2910036.25771913
29,475,1053,5061106.49123936,2840262.99596467
29,476,1056,5000471.20009555,2826941.05133458
29,477,1057,4930843.68855494,2917668.07619832
29,478,1060,4980249.38393827,2863714.99994056
29,479,1061,5080942.80425026,2885674.25597074
29,480,1062,5094364.93067246,2884441.93119784
29,481,1065,4991711.74688848,2901892.46043779
29,482,1066,4858138.44385597,2833659.25723469
29,483,1067,4968682.1492533,2849147.67215916
29,484,1070,4988478.82138189,2920780.04374505
29,485,1071,5061497.94042168,2960708.90060281
29,486,1073,5074780.46398887,2958791.45014944
29,487,1075,4920131.14329174,2895308.17709
29,488,1080,5048379.99330693,2938528.63479323
29,489,1081,5072238.38176881,2847034.54957312
29,490,1082,4972094.93867344,2960346.38648961
29,491,1087,5081477.63434128,2961655.13568297
29,492,1088,5130083.39249623,2935741.14227685
29,493,1090,4989185.39076865,2916392.02641637
29,494,1091,4981762.94181972,2913699.99512342
29,495,1095,4990000.57457818,2950738.14047949
29,496,1098,5062369.97612274,2885040.06427497
29,497,1101,5037611.75045686,2924210.79132551
29,498,1102,5070819.29694384,2922796.14707829
29,499,1103,4995607.25883565,2824757.89128329
29,500,1104,5086729.48489051,2924219.56067516
29,501,1114,5136812.90676139,2976304.07943303
29,502,1115,4932146.06025535,2949733.93117129
29,503,1116,5202192.68810104,2958564.0153805
29,504,1117,4943725.10131868,2858381.26075642
29,505,1118,5120847.08857779,2941671.77320644
29,506,1119,4912363.62250818,2863959.44437169
29,507,1120,4901619.59630771,2857126.41954499
29,508,1121,4976726.58899032,2844490.99548698
29,509,1122,5202080.39584494,2963624.83105982
29,510,1123,5202953.11405637,2939676.05272071
29,511,1125,5162532.68198474,2985485.73223693
29,512,1126,4992992.8203593,2972721.2350764
29,513,1131,5065568.70889584,2960228.62178762
29,514,1134,5000138.96593642,2947341.88789383
29,515,1135,4963051.95637956,2915024.49249892
29,516,1137,4920854.91191855,2919238.35273195
29,517,1138,4858953.9287242,2839010.35892302
29,518,1139,5002555.70187342,2828648.6778366
29,519,1140,5121022.56175757,2907781.51017658
29,520,1141,5004465.38344817,2853341.43421264
29,521,1142,5055533.3652126,2948780.82518531
29,522,1144,5036290.93640408,2922068.17811954
29,523,1145,4914652.23673508,2926170.12582852
29,524,1146,4998973.1227736,2943127.35480329
29,525,1147,5056196.1133449,2839648.61002391
29,526,1153,5006807.01638642,2981756.63885592
29,527,1155,4923784.03719178,2902621.22683306
29,528,1160,4845777.90680509,2812078.61879622
29,529,1161,5023578.88350478,2950320.03452809
29,530,1164,5048833.81474009,2890965.40002842
29,531,1167,5029790.79680555,2856099.6617169
29,532,1172,4959107.41126031,2926789.27561435
29,533,1174,5013836.02245954,2891150.22300093
29,534,1176,4839908.04563686,2870368.5029483
29,535,1177,4937653.81991175,2883694.03013666
29,536,1178,5120106.82443159,2922443.44104968
29,537,1180,5046922.18549069,2901916.92334818
29,538,1182,5080893.56121488,2921669.48205691
29,539,1185,4859093.02275212,2858093.65782716
29,540,1188,5077070.95883215,2902135.40337494
29,541,1190,4991602.34284004,2898718.29838771
29,542,1191,5000159.67306286,2960739.08844132
29,543,1193,5152382.94632804,2958078.06056923
29,544,1195,4856522.31976668,2856532.1792873
29,545,1196,4956269.19545665,2876399.82490374
29,546,1200,5003454.78486987,2909210.26020811
29,547,1205,4997301.316358,2901181.81947087
29,548,1208,5075577.43686964,2901576.56158278
29,549,1210,5050057.36382594,2890268.28098508
29,550,1212,5080700.17588845,2901769.92141499
29,551,1214,5147802.65914508,2973071.80645414
29,552,1215,5111163.15181401,2968050.47495184
29,553,1216,5051942.83128449,2923814.14636169
29,554,1220,4986320.47121044,2863438.85760793
29,555,1221,4862059.24301024,2842022.75020801
29,556,1224,5084893.76978378,2918990.32284809
29,557,1225,5071208.19140644,2959589.87305381
29,558,1227,5024479.17718046,2892139.11932793
29,559,1228,5169926.91216307,2921698.07728902
29,560,1232,4983681.25797751,2916932.87355332
29,561,1238,4999045.67332841,2889510.23915029
29,562,1239,5033311.08442505,2908134.17376311
29,563,1240,5092115.50855173,2899142.91857213
29,564,1242,4949379.62887392,2834402.93427116
29,565,1244,4838714.71428961,2872482.54526413
29,566,1246,5162826.83023531,2912934.78055408
29,567,1250,5138954.45176394,2908419.18079651
29,568,1251,4974602.16179679,2910258.39507773
29,569,1254,4970689.42098562,2963293.28782136
29,570,1256,4846085.42650166,2847177.34029635
29,571,1258,5175662.40099374,2974339.22913568
29,572,1262,5153294.58686111,2940007.00288667
29,573,1263,4944130.54346328,2830708.02682672
29,574,1264,5059737.30197248,2953758.9420011
29,575,1267,5075903.45376823,2966770.53312814
29,576,1270,4866371.44404968,2841809.38908303
29,577,1271,5030005.61199667,2838247.31197006
29,578,1272,5049182.00309613,2884669.55180852
29,579,1273,5219766.19227918,2952135.84346575
29,580,1275,4948119.72434542,2827873.66408829
29,581,1276,4955006.36342001,2955198.56358713
29,582,1278,5011610.92590657,2850068.83015927
29,583,1281,5072245.83983623,2900741.31443478
29,584,1282,5001284.95918368,2837565.59234438
29,585,1285,4904321.70315312,2883637.80816291
29,586,1286,4939282.11524185,2892010.04165057
29,587,1288,5204227.86547135,2938835.36425584
29,588,1289,4978617.06904414,2961326.60816709
29,589,1291,5089417.77346524,2966560.67149986
29,590,1292,5087163.37917474,2939569.34806312
29,591,1293,5056170.56456118,2844594.92821719
29,592,1296,5083324.46569272,2965762.80135283
29,593,1299,5174014.22848825,2972174.20443024
29,594,1304,4880821.39797098,2782314.97967947
29,595,1305,4930065.62395235,2904622.72005273
29,596,1306,5083722.83019211,2924678.25199658
29,597,1308,5134211.70320426,2979345.84428029
29,598,1309,5000010.30206296,2826568.68440442
29,599,1310,4944519.46162007,2824091.01246722
29,600,1312,5066595.16604916,2947743.01211984
29,601,1313,4882517.29117269,2870484.03274299
29,602,1318,5097752.15476347,2887169.43270638
29,603,1320,5015509.56179138,2820657.11096953
29,604,1323,5040628.38729727,2917100.61012361
29,605,1325,4940201.24181028,2845172.00315492
29,606,1329,4902872.9937132,2767963.66576743
29,607,1330,4955476.6155276,2905541.7571994
29,608,1332,5180977.4592771,2929539.96351354
29,609,1333,4852485.51028647,2825567.4644137
29,610,1336,5197892.82839798,2964297.77696454
29,611,1339,5043896.33814814,2896936.61278499
29,612,1340,5045844.68935573,2925509.49992415
29,613,1341,4973579.08671489,2858559.58487472
29,614,1342,5042996.42114275,2885107.86318838
29,615,1343,5049044.91726331,2890146.62311994
29,616,1345,5086241.89865948,2882187.37549235
29,617,1346,5060549.58646336,2838266.2519736
29,618,1347,5096210.88741165,2952785.39026237
29,619,1349,4957256.8676791,2908479.61372856
29,620,1351,5031708.06384869,2868260.22433598
29,621,1354,5012000.79786476,2837649.29897788
29,622,1357,5014223.02837462,2949034.20570369
29,623,1362,4933220.07062959,2930953.86118782
29,624,1364,5154751.90573989,2971143.79151379
29,625,1365,4846355.33763449,2838170.60670853
29,626,1366,4936017.2985977,2911340.32535468
29,627,1367,5000623.6112891,2907236.87099905
29,628,1373,4997349.49129248,2977477.34586124
29,629,1380,4942981.89594818,2833388.98665158
29,630,1381,4931789.66609175,2893712.42561841
29,631,1382,4917517.16541442,2880080.03471019
29,632,1384,5003966.42194048,2970241.77325055
29,633,1385,5042044.55697137,2872998.75411711
29,634,1387,5063854.23552337,2839915.600766
29,635,1388,4925364.40280912,2901765.02330788
29,636,1391,4970218.27282346,2965044.47544357
29,637,1392,4881527.34742583,2781641.99243724
29,638,1398,5169514.33199367,2908656.0373425
29,639,1401,4975290.14486388,2831286.67096469
29,640,1402,5154295.16302868,2968703.39981492
29,641,1404,4983367.08288499,2845088.06263866
29,642,1406,4981470.70173901,2935639.76007775
29,643,1407,4965047.26956855,2884116.77561206
29,644,1411,5001385.16934963,2882239.59677161
29,645,1416,5203465.98583436,2881444.36824962
29,646,1417,5125356.17100249,2976547.82915516
29,647,1420,4938060.52342193,2908368.17158142
29,648,1422,5032523.65776802,2937965.67927763
29,649,1423,5103823.85575081,2889359.27714691
29,650,1424,4990323.84622534,2898344.52428457
29,651,1425,4970410.54932489,2948159.69277472
29,652,1426,5154952.88505218,2915393.06225358
29,653,1427,5018868.18226127,2941379.74000692
29,654,1428,4977306.80763153,2881731.44952809
29,655,1429,4899021.66328558,2894131.31352271
29,656,1431,5042458.6451491,2872240.86081897
29,657,1432,5002944.88495875,2900722.29661661
29,658,1433,4966913.96275715,2783460.64621064
29,659,1437,5028778.16142028,2967628.40896096
29,660,1438,5119976.45747845,2964792.07143701
29,661,1440,5089311.98501785,2884806.05481614
29,662,1441,5012102.77583899,2881689.50871718
29,663,1442,5078317.62722886,2902930.56566811
29,664,1443,4908690.26065749,2867304.04878718
29,665,1444,4998030.87252851,2947662.82750646
29,666,1445,4936766.62155617,2857889.33174062
29,667,1447,5060393.61391473,2941309.43073357
29,668,1449,5091478.89432795,2880362.09937295
29,669,1450,4964587.37239414,2942032.62253856
29,670,1451,4965076.31128953,2965182.67069233
29,671,1452,4989412.17433435,2973366.99967404
29,672,1453,5209550.70257863,2956516.75863076
29,673,1455,4877958.71536132,2863158.66242213
29,674,1459,5166896.451857,2947383.32243203
29,675,1461,5026097.30165222,2848198.43404915
29,676,1462,5125612.82408015,2895102.21795643
29,677,1463,5160240.29479024,2910750.75736256
29,678,1465,5029763.18571589,2868090.20868983
29,679,1466,5055946.35669255,2844470.21750534
29,680,1467,5066953.80404017,2922913.13074228
29,681,1468,5184196.68210863,2970493.29860007
29,682,1469,5144322.09094983,2952360.41877658
29,683,1470,5144421.029054,2977089.96375482
29,684,1471,5227995.29750478,2961806.7742268
29,685,1474,4854512.18496308,2830340.25583945
29,686,1476,5075004.93854875,2963626.56816747
29,687,1477,4903071.40285013,2862822.74565218
29,688,1479,4961941.48444642,2883804.01215595
29,689,1481,4933208.82869302,2904060.98347002
29,690,1484,5096885.64952209,2920887.78915979
29,691,1486,5033549.68341554,2874306.25528038
29,692,1488,4929275.34399055,2774686.63549283
29,693,1489,4970062.83690792,2853178.02148614
29,694,1491,4890142.92506752,2894809.97892368
29,695,1493,5115283.63006068,2945087.07897636
29,696,1495,4926527.62429552,2941606.51336976
29,697,1498,4994628.84598395,2929021.35383589
29,698,1501,5158290.61719796,2976908.38467751
29,699,1502,5124218.61091248,2958229.12766718
29,700,1503,4932030.39418814,2855878.24305538
29,701,1504,5190848.84599182,2972200.31271608
29,702,1508,4854512.20152186,2828986.49928842
29,703,1510,5111170.71408185,2936412.6149969
29,704,1511,5117402.11025171,2946744.13245587
29,705,1513,5014260.48204183,2950011.82422602
29,706,1515,5153437.62355842,2934313.87168688
29,707,1517,5128562.44688449,2908219.34073542
29,708,1519,4894255.24688105,2892627.70937003
29,709,1523,4988903.32712258,2878700.72820239
29,710,1527,5215850.9846867,2965104.04434553
29,711,1528,5026977.2950242,2916993.33368932
29,712,1529,5170959.02801852,2960067.32801996
29,713,1533,4907179.60534525,2906117.08301439
29,714,1537,5048453.02988085,2875174.97626662
29,715,1539,4918882.6410157,2934269.34578152
29,716,1540,4930776.50598386,2903909.62828099
29,717,1541,4960324.46679446,2918319.49536766
29,718,1544,4988835.35807764,2975011.42174772
29,719,1546,5024084.86467565,2926551.6031447
29,720,1547,5047951.22014767,2838626.06856066
29,721,1550,5022119.46816083,2966139.65789905
29,722,1551,5073352.6899425,2895682.42781566
29,723,1556,5091489.50086905,2919467.13411838
29,724,1557,4932614.9111973,2847318.13216648
29,725,1560,4878751.86096969,2865229.25490736
29,726,1562,5183572.12590784,2928169.19822282
29,727,1565,4943095.23387745,2934680.0528971
29,728,1566,5179517.20910451,2945188.46501058
29,729,1569,5205454.71229866,2963740.91154413
29,730,1572,5208841.04167449,2950662.44240332
29,731,1573,4912638.90666048,2875529.18178955
29,732,1574,5042762.89329426,2949895.9896452
29,733,1582,5132320.17806228,2978208.64187159
29,734,1586,4950118.2476135,2958745.57816973
29,735,1589,4901638.20382521,2907971.84827993
29,736,1590,5012644.47067554,2876547.91732385
29,737,1594,5022704.45476916,2866212.67753637
29,738,1596,5030782.94180531,2917079.09221588
29,739,1597,4965049.40261461,2887820.37657438
29,740,1598,5013846.36115781,2877031.63738639
29,741,1599,5098746.33514103,2973135.51623937
29,742,1600,5062566.00259687,2921432.54564632
29,743,1604,4966184.01364449,2880704.97959567
29,744,1606,4943173.86043427,2908010.39042256
29,745,1609,5136725.780049,2979756.45044685
29,746,1610,4901758.96209861,2885566.08714304
29,747,1613,4986976.63990299,2844443.42698791
29,748,1617,5115698.74154122,2893912.39599232
29,749,1618,5148706.89038343,2984761.08407061
29,750,1619,5066220.65799282,2921101.42748432
29,751,1621,4911794.30843687,2828050.93996008
29,752,1622,5054127.2100935,2900933.92039034
29,753,1626,4984807.25697685,2829823.43363191
29,754,1631,4937633.37366945,2931645.4955467
29,755,1632,5141548.28430553,2976442.63789777
29,756,1633,5094625.00600407,2906600.18309
29,757,1635,5111903.66053704,2906954.16677107
29,758,1638,4955990.54653949,2896269.46270435
29,759,1639,4926058.60274447,2930609.49830303
29,760,1641,4955008.79824679,2910783.92124604
29,761,1649,5092293.60733295,2942378.7478058
29,762,1651,4968238.40814744,2946861.8871548
29,763,1654,4857408.10032353,2855420.03162278
29,764,1655,4982722.72697403,2859652.87638536
29,765,1656,5197067.285467,2968855.24194272
29,766,1663,4931485.24514998,2860226.88522861
29,767,1664,5013447.28669597,2954901.35285066
29,768,1669,4948891.51969326,2843767.0664554
29,769,1672,5037288.19422662,2911586.75485637
29,770,1673,5141651.56539975,2900377.08156008
29,771,1677,4957951.08053438,2926615.92143586
29,772,1678,4972553.16458953,2875708.00310443
29,773,1680,5059478.19719079,2933545.66650007
29,774,1683,5097999.01079644,2953602.19925663
29,775,1684,4955521.46309676,2907916.19063256
29,776,1685,5135709.38303341,2930663.61608524
29,777,1688,4919908.19341127,2934301.55809051
29,778,1689,4926319.13297863,2842496.66711657
29,779,1690,4994883.21885337,2837823.402783
29,780,1691,5159581.42670262,2931472.98036419
29,781,1692,5096663.20766071,2909429.0665926
29,782,1697,4993943.56868743,2866430.90739385
29,783,1701,5105057.0748536,2952995.70865069
29,784,1703,5106250.58120671,2919017.16859366
29,785,1704,5009191.51059804,2940623.62549389
29,786,1706,5112623.84165676,2910709.2624311
29,787,1710,5030020.55530713,2883495.11329682
29,788,1713,5011092.21180053,2884240.56797519
29,789,1714,5112047.27126046,2916274.64675714
29,790,1715,4954678.45618819,2876708.39936693
29,791,1719,5134824.21583599,2919193.20375667
29,792,1720,5054656.21006965,2907848.26182
29,793,1724,5050921.42742192,2872599.25470564
29,794,1727,5214064.45990237,2943791.66303915
29,795,1730,5135546.1157367,2977085.29341887
29,796,1731,5001912.27151525,2938406.00219715
29,797,1735,5105397.2361813,2955204.8891593
29,798,1736,4998065.71274186,2835536.4875731
29,799,1738,5056610.63444342,2955232.43282992
29,800,1740,5109181.11525453,2901773.20145327
29,801,1741,4920466.15095789,2905402.5679199
29,802,1742,5220152.27740004,2966729.36651428
29,803,1743,5051387.43230732,2926555.85971618
29,804,1745,4947702.68179866,2961145.70711927
29,805,1746,4988318.44871444,2944684.94690511
29,806,1747,5080330.77943994,2871456.17156529
29,807,1748,5072753.83143949,2871259.71410943
29,808,1749,5088216.69295942,2905878.52731665
29,809,1752,5123657.03133047,2926929.88236433
29,810,1753,5092738.55980693,2893251.20428461
29,811,1756,5015786.6904271,2920961.68436398
29,812,1757,5077972.25786181,2891668.15609115
29,813,1759,4925397.15071626,2943106.46982184
29,814,1761,5114674.61039667,2922505.54185875
29,815,1763,5004271.42422055,2936998.95900521
29,816,1764,5177803.01187522,2986673.45820949
29,817,1771,5050738.36438286,2912028.56764171
29,818,1773,4955386.48021381,2864218.92569955
29,819,1775,4868923.31072257,2849506.90883114
29,820,1787,5023193.62659211,2863492.35449134
29,821,1789,5044341.92857775,2840514.85487057
29,822,1790,4871249.52605736,2872261.74814468
29,823,1791,4901136.27638286,2852670.58925856
29,824,1795,4978712.98295205,2848733.40068604
29,825,1797,4900760.25356668,2849305.23891483
29,826,1798,5134815.76066083,2961137.32338073
29,827,1799,5052067.9488907,2867668.78175116
29,828,1800,5026296.34963258,2838329.94116131
29,829,1802,5163920.25135515,2916413.1753938
29,830,1804,5054094.18461264,2837025.71087223
29,831,1805,4880009.01680478,2862157.32689631
29,832,1806,4966762.19942227,2852745.85020907
29,833,1807,5166563.33141159,2982812.39495884
29,834,1808,4946096.8571086,2878400.31614463
29,835,1811,4841272.40476325,2840016.14183873
29,836,1812,5094193.30492928,2952906.48581954
29,837,1814,4939601.5276365,2903863.97928848
29,838,1815,4968059.78136885,2933900.42704246
29,839,1816,4899594.50074191,2854609.33532019
29,840,1817,5210858.94543155,2946224.89740689
29,841,1818,4862616.38368094,2852139.56529871
29,842,1820,5178337.91387381,2985720.69598198
29,843,1821,5104781.30510489,2917884.09163113
29,844,1825,5187881.66091432,2957247.67332494
29,845,1828,4955069.04274511,2854581.44031315
29,846,1830,4971005.84411823,2807857.61750555
29,847,1834,5117752.22238647,2946219.5091978
29,848,1835,5207184.94972839,2954698.74435772
29,849,1837,5062180.87167766,2959778.73479118
29,850,1841,5019442.55841209,2849358.21012605
29,851,1842,5221612.6763459,2959105.48248199
29,852,1843,4911584.33948713,2914695.37306656
29,853,1845,5021532.75935997,2910951.64996027
29,854,1847,4876538.68772514,2855178.1591599
29,855,1848,5089645.50236218,2872612.91374262
29,856,1849,5201192.62421109,2961027.4034733
29,857,1850,5059698.80518986,2880112.94742824
29,858,1852,5044897.6615886,2895689.78215295
29,859,1856,4931517.83750305,2877800.73737787
29,860,1857,4993793.27016296,2952553.34575372
29,861,1859,4943635.8259068,2891871.87622515
29,862,1862,5188206.69870633,2955867.89801353
29,863,1866,4943811.00077671,2909653.74055681
29,864,1868,4941308.1330396,2894103.58416968
29,865,1873,4918540.84841982,2941927.12709747
29,866,1876,4959292.76962514,2968837.90935347
29,867,1877,4937750.97415106,2885923.92755844
29,868,1879,5193733.23840805,2928885.73011752
29,869,1883,5048762.48597246,2900735.38015714
29,870,1884,5100361.30264765,2904060.80101636
29,871,1886,5158703.53444048,2904105.33271406
29,872,1887,5191786.44394974,2883022.71706909
29,873,1888,4861819.38768312,2881598.63984827
29,874,1889,4990994.30089732,2931269.49621068
29,875,1890,5054104.80431297,2895310.96057977
29,876,1892,5007193.11243485,2889334.47309362
29,877,1894,4999187.02538746,2938391.37761138
29,878,1896,4851101.13218164,2826043.46773719
29,879,1897,5068164.5565974,2907479.48746435
29,880,1898,4933083.78679173,2926532.28905747
29,881,1899,5059663.51445012,2901614.08323908
29,882,1900,5012347.51441584,2947780.1847369
29,883,1901,5118271.4891846,2917213.01310896
29,884,1908,4979459.24830545,2835945.3213445
29,885,1910,5029241.33798247,2895617.33303071
29,886,1911,5015136.80312024,2842945.40327089
29,887,1912,5089505.83431905,2871498.25804363
29,888,1914,4977671.56225288,2955627.22119857
29,889,1917,5196391.96123619,2964617.68748548
29,890,1918,5086619.2030088,2912413.64190779
29,891,1919,5031440.54116279,2916934.90225105
29,892,1922,4935046.80292527,2944249.6525822
29,893,1924,5004997.3084844,2903459.38897473
29,894,1927,4914504.34530655,2875413.06757082
29,895,1928,5007133.51858056,2905419.63598904
29,896,1930,5184726.59721324,2955645.02170204
29,897,1931,4917828.52133921,2890351.91644343
29,898,1933,5070963.51283782,2923668.56712131
29,899,1940,4851211.87594557,2847380.69765955
29,900,1941,5084430.96599075,2946997.4583775
29,901,1942,5225911.94866832,2944553.57047004
29,902,1944,5175742.43440999,2981162.00117775
29,903,1948,5003406.24900136,2892835.76843835
29,904,1953,5130520.97505007,2907055.93453176
29,905,1955,5147106.28308499,2964880.05316698
29,906,1960,4918993.56978066,2927760.83340015
29,907,1961,5030457.67361277,2939234.5312093
29,908,1965,5190217.58979085,2890202.49129735
29,909,1966,5090336.22769019,2928530.81078953
29,910,1967,5008588.16972132,2948612.08757497
29,911,1969,5032048.59695833,2873382.71933193
29,912,1970,5092721.17464835,2874989.22294533
29,913,1971,4928074.53099733,2854954.68167326
29,914,1972,5087516.27694423,2912700.6231286
29,915,1973,5187664.21073182,2883250.96927935
29,916,1975,4897533.57567103,2895713.0224445
29,917,1976,4983411.48172523,2903107.82289897
29,918,1977,5008290.38284377,2903528.20077915
29,919,1978,4934564.93834099,2944845.21326155
29,920,1979,5186448.91603461,2956696.28626527
29,921,1981,4963069.23009845,2964000.47651186
29,922,1983,5082286.36642008,2914678.19784315
29,923,1984,5020905.8125625,2925709.42350198
29,924,1985,4926399.16477216,2846513.27166693
29,925,1986,5066727.03314646,2949312.50606285
29,926,1988,5077894.44718135,2893023.55611431
29,927,1991,5161542.47927758,2939946.5739378
29,928,1994,4936262.3921343,2887188.52162544
29,929,1995,5207068.35203115,2929019.41319991
29,930,1996,4937775.32022569,2867355.52076945
29,931,1998,4952485.38153926,2955852.34791104
29,932,1999,4928120.70380139,2846345.02095326
29,933,2003,4934122.73837719,2880496.01617749
29,934,2005,4912473.56753306,2876657.42114685
29,935,2007,5050857.33943667,2870554.71467338
29,936,2009,5035438.36648153,2923124.6745238
29,937,2011,5013664.13509606,2892733.89669419
29,938,2015,4828123.41318609,2829813.98044291
29,939,2016,5005482.85145201,2887772.46039803
29,940,2017,4938976.01455201,2896364.94037678
29,941,2027,4901618.43477048,2900208.16769248
29,942,2028,5035640.42284435,2886707.05585609
29,943,2029,4947034.43596597,2933449.19376737
29,944,2036,5184621.05302641,2935228.92583895
29,945,2038,5007245.12342505,2978390.04376715
29,946,2039,4930536.22213952,2876227.9693199
29,947,2040,5026946.50524525,2908757.74330357
29,948,2041,4884670.87233015,2863894.05761651
29,949,2046,5136140.80145238,2911277.05309865
29,950,2049,5076659.06311189,2964939.64005199
29,951,2053,5123874.61482661,2948663.52311367
29,952,2055,5193271.32058408,2943925.9544152
29,953,2056,5160683.24106173,2939816.67707492
29,954,2057,5035794.30286345,2894535.61484856
29,955,2059,5004805.604296,2902701.84075894
29,956,2060,5049348.93851691,2893442.3365785
29,957,2061,4984603.19214703,2870406.97298599
29,958,2062,5183470.46847047,2941591.20530333
29,959,2064,5170706.10463974,2949479.63744231
29,960,2066,5175541.6016847,2950576.0681236
29,961,2067,4992497.25751244,2883124.89228309
29,962,2069,4919469.70487277,2873787.33725419
29,963,2071,4953390.03734615,2936587.97028003
29,964,2072,4977101.23166453,2951077.60325205
29,965,2077,4856603.14516858,2861622.19634603
29,966,2078,4849209.92909778,2822393.18490337
29,967,2079,5220766.24351145,2953564.56407298
29,968,2082,4979376.8159363,2932987.3579446
29,969,2083,5226982.74196683,2950219.67043795
29,970,2084,5098178.71360222,2916220.72239758
29,971,2085,5134048.39285267,2899959.80101422
29,972,2086,5063624.62834492,2919799.36358067
29,973,2090,4952569.80859983,2943174.33949978
29,974,2091,5066807.67364032,2880816.07677285
29,975,2094,5001063.68444888,2911250.5202479
29,976,2096,4942749.60008609,2949958.57269246
29,977,2097,4965795.2548519,2924179.16932661
29,978,2098,5090479.42958736,2938245.93508743
29,979,2101,4965677.8695065,2884362.87653218
29,980,2107,5077828.58544355,2911819.64906292
29,981,2109,4939361.06002177,2958739.6802722
29,982,2113,5172156.44445132,2972653.02413461
29,983,2115,5107594.07779078,2970672.44786961
29,984,2117,5023025.48991832,2890068.55080866
29,985,2118,5001308.87460511,2904637.07384709
29,986,2119,5075905.22851576,2894395.34359248
29,987,2120,4964471.77153503,2872951.649677
29,988,2121,4961806.12641206,2856588.68286976
29,989,2122,4922753.28690508,2901799.50507055
29,990,2123,5121125.03367804,2944509.92543385
29,991,2125,5168896.10732295,2928077.93060581
29,992,2132,5092519.08485372,2946393.69419454
29,993,2135,5170196.11931446,2956212.42376077
29,994,2136,4930334.04786272,2857324.42567536
29,995,2138,5083766.90973159,2922527.55983705
29,996,2139,5006733.04493346,2982869.44505952
29,997,2143,5211099.06715997,2962224.68487442
29,998,2144,5093333.05449509,2903640.68667184
29,999,2145,5204659.00280308,2938991.8717943
29,1000,2146,5161474.69651402,2969516.06393327
29,1001,2147,5164870.90412653,2979515.7778882
29,1002,2150,4914703.98495975,2910792.19392184
29,1003,2153,4951103.58743706,2782354.83397405
29,1004,2154,4967854.86749322,2790548.45822161
29,1005,2156,4996997.14624248,2899952.00754461
29,1006,2157,5093178.20394972,2905106.20477164
29,1007,2165,5069674.14758742,2969143.26495323
29,1008,2169,5089586.18346052,2952302.7245759
29,1009,2170,4884594.41845152,2888829.77659766
29,1010,2171,5044149.12529023,2880968.01778341
29,1011,2172,5045471.56227491,2862427.60576363
29,1012,2174,5146116.60372143,2983639.48507923
29,1013,2175,5153226.78459406,2915801.10508658
29,1014,2176,5197876.45051818,2893731.3066258
29,1015,2179,5120649.93255228,2916903.07346015
29,1016,2180,5136812.55964301,2977124.81097731
29,1017,2183,5130294.90132046,2922795.12171311
29,1018,2188,5104215.05152959,2946182.51354764
29,1019,2189,4972318.76355804,2865929.20160876
29,1020,2192,5162146.30248847,2965999.85927886
29,1021,2193,5198512.50169007,2930156.3264746
29,1022,2194,4934030.45628364,2945797.14520423
29,1023,2197,4991525.15799756,2893879.08767696
29,1024,2198,5090817.8986149,2896425.84118967
29,1025,2200,5062841.707437,2902669.02318896
29,1026,2204,5081381.5998073,2892180.82777233
29,1027,2206,5186543.53076418,2882838.49437941
29,1028,2208,5092385.63689375,2922640.73729098
29,1029,2209,4939275.98111655,2909582.01525756
29,1030,2211,5066577.83169363,2951143.50942029
29,1031,2215,5049912.88430934,2895379.90095149
29,1032,2217,4877035.56292894,2869773.7273778
29,1033,2218,4947548.97645781,2949676.8931854
29,1034,2220,4905382.31886157,2904109.50244818
29,1035,2222,4859512.76673103,2863507.95100068
29,1036,2223,5072337.55495068,2905889.38627603
29,1037,2225,5006114.03427126,2958384.77157553
29,1038,2226,5162866.49161884,2968297.77922417
29,1039,2227,5023159.74039518,2869104.88657633
29,1040,2230,5173811.41219226,2974362.99004692
29,1041,2231,5150385.66101471,2976289.8501213
29,1042,2232,4971809.45580069,2959817.62350927
29,1043,2233,5004960.05610066,2902269.50888887
29,1044,2237,5088934.20237505,2915831.04911689
29,1045,2241,5052903.37202085,2833142.51764304
29,1046,2242,5099406.83919277,2903339.75414923
29,1047,2244,5112746.77055501,2908843.71649934
29,1048,2247,4875804.27217287,2865717.26252625
29,1049,2248,5137261.88374402,2914363.87142083
29,1050,2249,5164880.56366744,2916679.84741834
29,1051,2251,5078116.6573641,2886555.71241071
29,1052,2254,5005914.95498441,2853376.10370334
29,1053,2255,4944459.33311396,2876547.19611557
29,1054,2256,4976497.61337712,2909115.50652656
29,1055,2257,4935066.53657267,2863916.82868551
29,1056,2258,5123554.03226554,2908284.70118467
29,1057,2262,5121708.20825661,2969673.91238945
29,1058,2263,4850093.01532141,2845678.89372941
29,1059,2266,5035291.43449727,2891149.62050122
29,1060,2267,5124385.48011008,2957919.98226848
29,1061,2269,4844226.02916216,2849816.87998665
29,1062,2270,4859117.50316428,2838811.07151597
29,1063,2272,5057891.59756333,2904598.15655593
29,1064,2276,5074267.75847523,2880569.87114782
29,1065,2277,4931103.09083949,2846880.44422681
29,1066,2278,5082222.33912553,2920259.20110611
29,1067,2280,4986918.99204024,2962362.09765599
29,1068,2282,5012881.46351524,2935741.53341324
29,1069,2283,5138549.48638337,2977873.88425482
29,1070,2284,4898046.84184534,2893883.24515148
29,1071,2285,5220611.59883643,2957889.40853001
29,1072,2286,5152639.82461639,2925135.12058288
29,1073,2293,5203792.64018339,2929465.93015081
29,1074,2294,5017213.27529417,2896424.43245721
29,1075,2295,5060561.76957792,2937293.87037296
29,1076,2296,4995144.06773435,2932105.13542317
29,1077,2297,5153950.50239405,2972056.18901926
29,1078,2299,4920574.03393779,2899926.11140209
29,1079,2305,4900501.79448844,2845978.14850879
29,1080,2309,5042339.05129076,2854426.62190703
29,1081,2311,5121459.03169828,2937934.60467086
29,1082,2314,4984649.21349229,2902109.19750508
29,1083,2315,4966601.56576623,2899952.27970591
29,1084,2318,5118830.12371208,2905384.58572082
29,1085,2322,5120197.3648076,2974765.00765043
29,1086,2324,5061442.58078784,2944262.64789622
29,1087,2327,4995972.8421433,2918867.88727869
29,1088,2335,5140863.93269926,2953418.46594525
29,1089,2336,4925623.22846497,2852859.89943011
29,1090,2340,5156203.91647305,2949231.97090684
29,1091,2346,5091375.69146635,2874452.75616857
29,1092,2348,4974636.07642539,2844694.85028205
29,1093,2354,4990464.69432997,2969941.45136653
29,1094,2357,4874797.09740889,2857855.54063461
29,1095,2359,4950172.33067575,2945455.91217628
29,1096,2361,4873730.09571518,2858082.57465333
29,1097,2362,4866355.60786481,2840695.18476571
29,1098,2363,4960395.26835047,2910012.11920309
29,1099,2364,4949290.61242219,2888650.40881493
29,1100,2365,5220837.68834324,2952876.02555521
29,1101,2367,5138481.56142191,2945550.44968538
29,1102,2368,4979028.26763174,2836821.87370952
29,1103,2370,5055843.00223189,2914406.08986693
29,1104,2375,4930068.99253732,2909752.19641459
29,1105,2376,5157849.8894359,2986631.38904656
29,1106,2377,4967902.09932249,2880354.85061138
29,1107,2378,5192731.41754768,2954759.22591279
29,1108,2379,4988969.01210188,2854242.24553281
29,1109,2383,5076880.31667399,2960779.42563572
29,1110,2384,5078242.63976179,2912094.63991006
29,1111,2387,4952705.19805499,2960105.61886741
29,1112,2390,4975390.01237625,2900570.17957338
29,1113,2391,4963444.45748382,2946901.26174472
29,1114,2395,5041279.74047388,2906081.13045313
29,1115,2398,5007409.12164712,2939353.46721755
29,1116,2399,4966125.42048762,2950704.47440337
29,1117,2401,4910730.74983224,2868903.77841157
29,1118,2402,4888193.32595848,2800272.35201595
29,1119,2403,5070445.7036655,2930062.18252899
29,1120,2404,5121269.42141166,2922983.48925462
29,1121,2405,5048134.70650679,2903769.74629442
29,1122,2406,5165724.77909115,2976817.52485422
29,1123,2407,5222673.30629642,2920315.88365803
29,1124,2411,5168105.87005038,2892272.84390862
29,1125,2415,4949482.03718766,2902823.20119824
29,1126,2419,5152770.07534093,2951357.53919599
29,1127,2424,5032540.2283874,2861127.17877029
29,1128,2425,5033001.22378397,2881148.18460315
29,1129,2427,4967188.00968964,2895547.25599784
29,1130,2428,4938127.41909753,2936515.59134215
29,1131,2431,4840961.86523958,2810813.84357893
29,1132,2432,5204479.94845216,2962346.51120521
29,1133,2435,4961563.51511405,2914224.67042496
29,1134,2436,4983730.6324528,2840316.24279781
29,1135,2439,5197514.93497419,2971355.59629804
29,1136,2440,5185563.78915954,2946285.95885813
29,1137,2441,5014642.87559613,2962189.141201
29,1138,2444,5069713.09735436,2878154.10007134
29,1139,2445,5059885.44145321,2903196.71222243
29,1140,2447,5023612.17769543,2871601.96527253
29,1141,2449,5219995.4051272,2915471.27570824
29,1142,2452,5119543.21026849,2942295.58359358
29,1143,2458,4908594.89817086,2911122.87183558
29,1144,2460,4971688.98827539,2950173.57279511
29,1145,2465,4883870.90359039,2865072.15078726
29,1146,2466,5126950.73490684,2970891.72502027
29,1147,2467,5094761.6965423,2883802.82793452
29,1148,2472,4980622.55206896,2894037.23602644
29,1149,2473,4995090.20121527,2868120.427538
29,1150,2476,5069639.82301683,2902597.52834939
29,1151,2479,5132007.90904214,2983998.06352076
29,1152,2481,5122238.80696021,2930180.60266559
29,1153,2482,4913870.31234669,2828752.33986761
29,1154,2483,5157611.14315278,2934974.95201834
29,1155,2484,4930559.49404663,2908065.32058646
29,1156,2485,4961099.88216961,2951285.86497573
29,1157,2486,5031633.59387125,2906971.05127281
29,1158,2491,5064470.04565971,2952284.37296017
29,1159,2493,4878869.11644096,2858979.68717696
29,1160,2494,4985599.66503926,2944215.80734273
29,1161,2495,5198506.12608809,2900575.11684374
29,1162,2496,5155735.71903614,2989655.69089014
29,1163,2497,5154464.58741414,2933101.1683978
29,1164,2498,5047067.18226293,2882560.09413593
29,1165,2501,4953334.83360891,2908772.63668858
29,1166,2503,5009983.39309012,2897162.10864253
29,1167,2504,5063213.16231753,2942736.70090339
29,1168,2505,5222198.98122877,2952474.26664946
29,1169,2507,5064738.77099585,2960103.51637378
29,1170,2508,4960704.68703777,2920471.20405073
29,1171,2509,5007487.83803612,2907750.35550514
29,1172,2511,5039116.15108163,2922432.12256855
29,1173,2513,5069994.27820526,2952630.71387395
29,1174,2516,5060111.33004057,2852049.39383041
29,1175,2517,5058053.4606583,2869629.90243278
29,1176,2522,5187977.08308451,2976052.46806049
29,1177,2526,5049202.51502489,2939320.79567662
29,1178,2528,5063513.80874867,2956910.71976207
29,1179,2529,5018853.60124666,2921331.21094616
29,1180,2530,4967414.38541383,2944643.08480198
29,1181,2532,5144900.81734199,2987346.9122199
29,1182,2534,4890614.14480611,2897640.65783519
29,1183,2536,5043560.73218855,2842128.74487152
29,1184,2537,5213406.35616031,2935117.65625775
29,1185,2540,4878601.671785,2867475.25729678
29,1186,2542,4927113.104898,2889857.52243984
29,1187,2544,4858418.88384073,2844328.39091641
29,1188,2545,5131280.46251823,2967016.89610234
29,1189,2550,5162132.83031638,2939640.63624357
29,1190,2551,5219238.43463475,2964310.14715613
29,1191,2559,5109555.65590449,2966014.43142075
29,1192,2562,5171431.44743346,2965884.93317946
29,1193,2563,5038006.41542422,2862705.50577728
29,1194,2566,5157769.04001376,2989629.08846875
29,1195,2567,5023087.03943577,2842252.28873388
29,1196,2569,5033914.22362856,2922774.0771088
29,1197,2570,5201916.36140247,2937877.23747963
29,1198,2571,5019314.02253417,2947187.6467165
29,1199,2572,5182692.44450631,2970630.332644
29,1200,2573,5055157.61025777,2935720.7796241
29,1201,2574,5030225.44635611,2919425.24778497
29,1202,2576,5059740.61223584,2865144.88209205
29,1203,2577,5146522.09289598,2975583.75350431
29,1204,2581,5070938.96505207,2925275.15598919
29,1205,2582,5080655.41813404,2921846.31241426
29,1206,2583,4999387.37318668,2908843.04182346
29,1207,2584,5003809.46779159,2985011.14348913
29,1208,2586,5027213.39360033,2958127.20362136
29,1209,2587,4952696.76247634,2876169.44516337
29,1210,2589,4997703.61457715,2822642.56020729
29,1211,2590,5104803.01879188,2942198.83101423
29,1212,2600,4846008.00759696,2842478.7906484
29,1213,2603,5088528.24039949,2936067.80652617
29,1214,2604,4938694.25262687,2897870.6431807
29,1215,2605,4999440.79929299,2942833.18570122
29,1216,2606,5189523.93761422,2951871.60399351
29,1217,2608,4973657.1922598,2875205.30177594
29,1218,2609,5082064.76760224,2962807.31894036
29,1219,2613,4981887.62899379,2945753.5880224
29,1220,2617,5047479.22895683,2868377.54379142
29,1221,2618,5045063.00843408,2910233.864176
29,1222,2619,4968586.9706474,2894481.68841707
29,1223,2622,5167067.27814274,2921782.65531874
29,1224,2623,5142910.98359681,2946736.41052601
29,1225,2624,4898093.65177741,2891840.63789613
29,1226,2626,5045914.08387711,2931413.34961296
29,1227,2627,5110813.27725376,2895820.19418327
29,1228,2632,5086805.033331,2943435.33540518
29,1229,2633,4871371.9461281,2788368.39496221
29,1230,2635,4858655.07264281,2818232.20016701
29,1231,2639,5001979.29182754,2857493.11060685
29,1232,2640,5159136.71654956,2900128.26877991
29,1233,2641,5058342.36365751,2875930.23436062
29,1234,2642,5010906.7512291,2871034.6523554
29,1235,2643,4907295.23880141,2901825.74616696
29,1236,2645,5114771.5841334,2898573.88254285
29,1237,2652,4859121.8028108,2833787.36216891
29,1238,2653,4943315.78827224,2893432.58815523
29,1239,2654,5082609.82864827,2894340.30582253
29,1240,2655,5112223.9222357,2908278.71707315
29,1241,2658,5098618.96285242,2945095.21875712
29,1242,2665,5174396.33782251,2956483.19594437
29,1243,2668,5070650.58395369,2948597.1643581
29,1244,2669,5042469.4537336,2891589.24519873
29,1245,2670,4998355.49161695,2838949.24881008
29,1246,2672,5118026.94118757,2913316.63817469
29,1247,2677,4834148.19846737,2864345.36519463
29,1248,2678,4950017.31620013,2851824.71922972
29,1249,2679,5058043.49111101,2900884.55069027
29,1250,2680,4905456.15728217,2862206.01054194
29,1251,2682,5092130.99199612,2922723.91946978
29,1252,2683,5127128.4243088,2963136.954063
29,1253,2684,5017537.52849588,2911536.29045335
29,1254,2685,5093507.05152865,2912964.63203681
29,1255,2686,4885397.69085099,2776315.55548956
29,1256,2687,4968155.83055953,2885856.72230112
29,1257,2688,4930998.59848743,2913320.80938075
29,1258,2689,4846041.65368162,2816248.20685315
29,1259,2690,5093926.0827771,2873590.59406008
29,1260,2691,4922490.30629908,2935902.38579341
29,1261,2692,5190791.26392218,2965015.8644117
29,1262,2696,4942522.27531394,2962978.80440984
29,1263,2697,5159930.41409825,2951072.23649747
29,1264,2701,5138994.02772852,2934685.36256048
29,1265,2705,5033298.39765896,2911928.95816945
29,1266,2706,4954964.51777656,2968187.50017884
29,1267,2709,5008349.68576195,2857656.85010327
29,1268,2712,4921242.08616192,2925457.10116584
29,1269,2715,5035971.65699359,2913120.29916986
29,1270,2718,5145682.76913588,2927944.64601405
29,1271,2719,4850461.77216818,2848261.54969406
29,1272,2720,5075826.13573278,2900915.21174622
29,1273,2722,4978246.23377784,2900724.79126311
29,1274,2725,5042629.56715777,2899783.76981943
29,1275,2726,5132659.06053053,2917438.05350035
29,1276,2727,5172577.71492878,2966940.13446582
29,1277,2728,5180124.64046252,2957684.65257354
29,1278,2733,4962608.88835516,2947018.73156698
29,1279,2734,5132868.72171469,2961603.01026154
29,1280,2735,5195485.78023199,2931583.14576206
29,1281,2736,4924005.77791589,2848583.77529659
29,1282,2737,4983816.978867,2954030.15397503
29,1283,2738,5047144.01060513,2859489.53910779
29,1284,2740,5181527.23158994,2960694.11110823
29,1285,2742,5038848.97120787,2900765.05998845
29,1286,2743,5002285.56254796,2878579.12234979
29,1287,2745,5060580.36715132,2879060.69746198
29,1288,2746,5070030.21873097,2903446.11348067
29,1289,2748,4975537.8020837,2867745.98440194
29,1290,2749,4941279.8540902,2887483.1685206
29,1291,2751,5157444.74356318,2964406.90123783
29,1292,2757,5173739.17084358,2944527.07295305
29,1293,2758,5012320.65126671,2863655.60552143
29,1294,2761,5000911.93303363,2886085.53674059
29,1295,2762,5034011.82510809,2894085.83508044
29,1296,2763,4969576.56542342,2793717.36872277
29,1297,2765,5096022.95805247,2957133.30212319
29,1298,2766,5011942.14153666,2911668.2095018
29,1299,2775,4917451.79191745,2939244.85428039
29,1300,2777,5118012.12995844,2898788.61722278
29,1301,2779,4991411.91288533,2954928.71677421
29,1302,2780,4904441.64131564,2861203.01732144
29,1303,2783,5160214.24861977,2960630.51922947
29,1304,2785,4980669.24809771,2960359.60514437
29,1305,2786,5008969.34970995,2839108.70765459
29,1306,2788,4965414.98487663,2890698.11956285
29,1307,2790,4957554.83446893,2880446.66267544
29,1308,2793,5007756.90930106,2862122.31583618
29,1309,2794,5207449.79025779,2937316.65209465
29,1310,2797,5204230.05761104,2957686.88424275
29,1311,2800,5017530.73006549,2969094.12471167
29,1312,2805,4939984.42525664,2867169.39346708
29,1313,2806,5021121.85400089,2923008.32997909
29,1314,2810,4997867.07215673,2857636.98387038
29,1315,2814,5078077.37356339,2877527.33476141
29,1316,2815,5055897.53864973,2889292.50514078
29,1317,2817,4952614.70683439,2907693.45774214
29,1318,2818,4939614.21093002,2899859.5898394
29,1319,2822,5078596.28880143,2901240.74958754
29,1320,2826,4835329.61162442,2833559.5121231
29,1321,2827,5071861.76918377,2965006.20099142
29,1322,2828,4934417.69107615,2956510.24046451
29,1323,2831,5151256.23682477,2962011.65048616
29,1324,2832,4902202.08575106,2874465.30711931
29,1325,2833,4854803.47091443,2853465.13603799
29,1326,2836,5002132.37135782,2864316.6445651
29,1327,2837,4955578.88871964,2890197.87944085
29,1328,2841,4863824.67523144,2839437.19865126
29,1329,2842,5001415.66965659,2882031.62567064
29,1330,2845,4956612.63947975,2837999.72485168
29,1331,2851,4850527.1710531,2851786.00220047
29,1332,2853,4932137.58957512,2905782.40357215
29,1333,2854,4957997.55468763,2878873.83743971
29,1334,2855,5097755.13764944,2912510.55767552
29,1335,2856,5215401.71707968,2934933.46876153
29,1336,2857,5167096.36008917,2905737.4872568
29,1337,2859,5013230.26924541,2897132.82030637
29,1338,2860,5166147.5836091,2918360.74346433
29,1339,2863,5010114.01409926,2903285.51811154
29,1340,2865,5054718.97782335,2952243.3410654
29,1341,2867,4877986.97142636,2861836.8749343
29,1342,2869,5021834.16981153,2845435.02040871
29,1343,2872,5081933.51449192,2910280.27411194
29,1344,2876,5193728.29279389,2932411.62894882
29,1345,2878,5040998.64679583,2900571.5427108
29,1346,2879,5226206.01264634,2943381.87153433
29,1347,2880,5230912.15158531,2963374.39899274
29,1348,2881,5080689.46853504,2915440.45970404
29,1349,2882,5014961.19953909,2906594.12166021
29,1350,2883,5219603.58790179,2922860.88102173
29,1351,2884,4952225.38141561,2912400.90677459
29,1352,2886,5058676.03014712,2883573.9912801
29,1353,2888,5020070.44662663,2912858.06841796
29,1354,2889,4979602.17418221,2931047.48025356
29,1355,2890,4855216.3497139,2827891.95979454
29,1356,2894,4912036.22286248,2921712.13443234
29,1357,2897,5046033.39527547,2902603.52976458
29,1358,2900,5028521.84001718,2878836.51240363
29,1359,2901,5072791.59918302,2929564.67922124
29,1360,2903,4971893.9537785,2876277.22685804
29,1361,2907,5097236.1254588,2949536.32836944
29,1362,2908,5009717.92988437,2920809.60943659
29,1363,2911,5197622.8829686,2931055.3542886
29,1364,2912,5087609.94482965,2884428.57317323
29,1365,2914,5167748.11108577,2956176.44819897
29,1366,2915,4961587.65721496,2928466.60804569
29,1367,2916,5005016.04325868,2956792.0544454
29,1368,2918,5061157.14075556,2905058.69124406
29,1369,2921,4846554.72312574,2840139.84222113
29,1370,2922,5044421.40616987,2837065.02285162
29,1371,2924,4875948.07110356,2864914.90793202
29,1372,2925,4848607.1229971,2816545.58321874
29,1373,2926,4948950.40323436,2850208.96325758
29,1374,2927,4919428.70676991,2912045.03748748
29,1375,2931,4986655.48083914,2847886.18279989
29,1376,2932,5133898.06696321,2903249.71707934
29,1377,2933,4974868.38050249,2909478.55819716
29,1378,2936,5098476.42744164,2947292.20032961
29,1379,2938,4942493.69097276,2902536.31020673
29,1380,2942,4843350.48676163,2848071.72928734
29,1381,2943,5162031.35379188,2910930.07314281
29,1382,2945,5026382.22962593,2908885.61657041
29,1383,2946,5137440.0937313,2915211.36613998
29,1384,2950,5099453.04557175,2936772.68683171
29,1385,2958,5041197.43218428,2876090.96395398
29,1386,2959,5035139.16383358,2896107.73340617
29,1387,2960,4939580.19150932,2936733.3671916
29,1388,2963,4865881.05805954,2839248.42971085
29,1389,2964,5186903.46186304,2882862.4735355
29,1390,2968,4854732.42784155,2847774.18289375
29,1391,2970,5154131.45734808,2922412.00168225
29,1392,2972,4931875.39636973,2886108.16658037
29,1393,2974,4979403.57263948,2922728.33684397
29,1394,2981,4835837.98193617,2846230.01737264
29,1395,2989,5131238.11819199,2907741.5126459
29,1396,2990,5019791.73568308,2886911.19052023
29,1397,2995,4846925.68490363,2841338.72951238
29,1398,2997,4945169.30621318,2916899.12815709
29,1399,2998,4994959.43760909,2931712.99436237
29,1400,2999,4962279.55203061,2838207.5671151
29,1401,3004,5030891.94106359,2930946.38723116
29,1402,3005,5027061.74221449,2932466.44555176
29,1403,3006,4943626.88203304,2961657.03200533
29,1404,3011,4969758.24168763,2790588.88047336
29,1405,3018,5014911.59593331,2943548.89259936
29,1406,3022,5087012.31263838,2874039.89346709
29,1407,3023,5213216.41467532,2897328.54008074
29,1408,3024,5006032.56279575,2898270.16977469
29,1409,3028,5095152.29603577,2907135.35014968
29,1410,3030,4845975.90461443,2817236.3997461
29,1411,3031,4980136.70594245,2958427.09292124
29,1412,3033,5161461.56346312,2933307.43668023
29,1413,3034,4932094.87689017,2884198.79646542
29,1414,3035,5171491.47273696,2983893.12174675
29,1415,3038,4939389.0613169,2906958.35660691
29,1416,3041,4924987.9207853,2846424.37577211
29,1417,3044,5005064.57081221,2838039.33352702
29,1418,3045,4938653.84449003,2857624.6617171
29,1419,3048,5134115.92698373,2927292.49326082
29,1420,3049,4990849.58324997,2952991.61639225
29,1421,3051,4841967.51024099,2875083.65836496
29,1422,3053,5222728.73491131,2929597.74468445
29,1423,3060,5179755.63715422,2888226.6509149
29,1424,3061,4957913.2597056,2854611.44991068
29,1425,3068,5172923.00533761,2919658.27434895
29,1426,3069,4986065.89226243,2942494.15086251
29,1427,3070,5078570.02227042,2922838.81990354
29,1428,3071,4919732.90734132,2940831.01884002
29,1429,3077,5074867.80731269,2903930.66785093
29,1430,3078,5230066.89834026,2955370.26043683
29,1431,3080,5098665.11331431,2920943.20301758
29,1432,3083,5191344.07902247,2965373.25093477
29,1433,3084,5012420.18684801,2896252.13957532
29,1434,3085,5094963.60479311,2976788.9561082
29,1435,3087,5041031.81178689,2871844.64719633
29,1436,3090,5032256.74004136,2876511.52278499
29,1437,3094,5072713.0272799,2930920.11633911
29,1438,3100,4994102.82472611,2823228.17194687
29,1439,3101,5070404.04917126,2841960.59415107
29,1440,3102,5006195.61872256,2912415.317087
29,1441,3105,5064084.95448153,2918319.205688
29,1442,3107,4845968.47158265,2833601.22073194
29,1443,3108,5064908.87574829,2903860.80059243
29,1444,3109,4912655.29586731,2919771.56546088
29,1445,3111,5090800.3526927,2876310.59390854
29,1446,3112,5128679.42489635,2899180.7288564
29,1447,3113,4982654.65612436,2893612.93935484
29,1448,3117,5206216.46701246,2968417.42870643
29,1449,3118,4973101.39492626,2901502.46585088
29,1450,3122,5170818.63138781,2964089.617861
29,1451,3123,5018932.70500568,2955514.00424186
29,1452,3125,5122145.16468783,2972658.01866757
29,1453,3135,5022961.01973614,2913808.43707086
29,1454,3136,5078252.52790241,2876125.88605332
29,1455,3140,5196192.43920724,2956134.74907274
29,1456,3145,5034455.21463319,2922187.13396108
29,1457,3146,4877852.96124097,2863392.02519408
29,1458,3150,5167931.59561213,2910149.53540471
29,1459,3151,5051952.32330401,2869078.9101385
29,1460,3154,5094876.93076245,2957507.41743348
29,1461,3157,4946875.44025611,2856939.57350466
29,1462,3159,4984677.95663431,2962966.61219978
29,1463,3160,4967802.3618271,2952687.07002681
29,1464,3162,5125568.80871391,2913329.38843413
29,1465,3165,4955440.25590727,2852664.2526916
29,1466,3167,4942281.61621021,2966859.10567184
29,1467,3169,5131522.95434392,2897147.82813001
29,1468,3172,5224469.78736139,2932780.51966626
29,1469,3175,5101664.96011313,2889824.32340395
29,1470,3176,4968205.84682838,2894394.28039904
29,1471,3177,4951949.11883805,2855815.24833655
29,1472,3179,5150351.26957254,2977135.88336618
29,1473,3180,4940761.08823448,2835940.54137638
29,1474,3181,5151652.45668168,2977758.37964006
29,1475,3182,5043135.72883238,2905205.71267731
29,1476,3183,4952004.35248029,2802025.63465317
29,1477,3184,5107036.40958346,2885224.40886953
29,1478,3186,5141826.38943123,2885572.71217969
29,1479,3188,4982073.24841443,2911590.7770987
29,1480,3191,5129349.08959503,2966147.44940828
29,1481,3192,4999623.22452026,2913008.24596829
29,1482,3196,5076366.63805759,2908986.79336542
29,1483,3197,4989282.27267144,2823449.71176705
29,1484,3198,5080114.285972,2906785.93851516
29,1485,3207,4960279.3543856,2919861.00660729
29,1486,3208,5058795.49629438,2885444.82677973
29,1487,3210,5181306.43791932,2935730.68839143
29,1488,3211,4993369.76055695,2959930.54683349
29,1489,3214,5149233.05221002,2927903.32372325
29,1490,3216,5174755.13064199,2971465.47697996
29,1491,3219,4995093.61249964,2837004.89454698
29,1492,3220,5015677.13349714,2842358.2898823
29,1493,3223,5067603.94882849,2918909.45500957
29,1494,3224,4954091.62002911,2877197.36082901
29,1495,3226,5168113.79836935,2954316.48207797
29,1496,3228,4960785.40681665,2877014.1831088
29,1497,3229,5164913.31381532,2922217.09279796
29,1498,3236,4956408.83631286,2949397.50925962
29,1499,3237,4981370.63659719,2872200.21296657
29,1500,3238,5213759.09857994,2954265.95714353
29,1501,3241,5045646.54186087,2924386.0944665
29,1502,3243,4932109.69046766,2858651.19318068
29,1503,3247,5180914.69141952,2888584.10226142
29,1504,3250,5011226.6622509,2949008.83483878
29,1505,3251,5110043.16923483,2924329.55566099
29,1506,3252,5193978.29816828,2961485.12848005
29,1507,3253,4983662.62654243,2866896.68069912
29,1508,3254,4955068.96951535,2860590.34939806
29,1509,3256,4984707.36779644,2878588.82239972
29,1510,3257,5025278.13459023,2926062.70189415
29,1511,3258,5122094.34248163,2966449.45524556
29,1512,3259,5071988.7344064,2903315.34051425
29,1513,3262,4897708.05663783,2893558.90872199
29,1514,3266,4975081.55282785,2879546.74734681
29,1515,3268,5062321.59953556,2930084.81166691
29,1516,3270,5027882.87036476,2938816.90858191
29,1517,3275,5180104.87031058,2978903.86518701
29,1518,3279,5054788.33593431,2833515.93697844
29,1519,3281,4978662.65325244,2839741.70633453
29,1520,3282,5174682.53512685,2937312.77935172
29,1521,3283,5111197.27801604,2917726.74392583
29,1522,3284,4911219.19174789,2882113.47597733
29,1523,3285,5153623.76582253,2976718.99033939
29,1524,3286,5023639.00628809,2874521.16939849
29,1525,3287,5129911.15677742,2899457.58313237
29,1526,3288,5043110.9029626,2930900.53920549
29,1527,3289,4941934.09548577,2866064.51916022
29,1528,3291,4904346.99316088,2857676.6418848
29,1529,3293,5214215.73051262,2932503.83959603
29,1530,3294,5204982.2282603,2968777.67665298
29,1531,3295,5063583.47495825,2916785.4944958
29,1532,3296,5075678.65414653,2914898.92212842
29,1533,3297,5203504.92855585,2940246.08914886
29,1534,3298,4955994.44023383,2849287.36448385
29,1535,3300,5144994.98506939,2974440.74263147
29,1536,3302,5116109.91672549,2903485.61305424
29,1537,3303,4946638.47527691,2806415.33770881
29,1538,3304,5081027.45707485,2919319.68566311
29,1539,3306,5164131.16469034,2957696.53480558
29,1540,3308,5152960.11986288,2947404.02261388
29,1541,3309,4847039.40092482,2820227.82241906
29,1542,3310,4922641.97337373,2772156.51448309
29,1543,3315,5189051.54107432,2970225.30484977
29,1544,3317,5201363.47812213,2939161.68962416
29,1545,3320,4945029.60855927,2864584.44603126
29,1546,3321,5052339.34928188,2897840.30533968
29,1547,3323,5044752.53684037,2943602.98720687
29,1548,3324,4981743.58667206,2950833.64773273
29,1549,3325,5182016.11430491,2958001.39588801
29,1550,3326,4843139.63540393,2825524.15216135
29,1551,3327,5101715.09478911,2941155.64013617
29,1552,3330,5089948.31758619,2956004.09559784
29,1553,3331,4918999.47820431,2932860.40581519
29,1554,3332,5119801.89867587,2929448.23349531
29,1555,3335,4857986.77479479,2816982.72208871
29,1556,3336,5123939.18179787,2962168.76464947
29,1557,3337,5122892.65118635,2929033.1773744
29,1558,3341,4838749.22625872,2869716.9706052
29,1559,3346,4942299.44605236,2950133.8954556
29,1560,3347,5018835.02218018,2889713.38990495
29,1561,3348,5008709.57688575,2893661.15968158
29,1562,3349,4950821.85074295,2943519.28672687
29,1563,3353,4960381.7782213,2928012.55670874
29,1564,3354,4956838.0501972,2905350.96836362
29,1565,3357,5036403.38214817,2916982.01630934
29,1566,3358,4975737.12800998,2860794.3125187
29,1567,3359,4960573.47347668,2943768.10022924
29,1568,3360,4913244.99588473,2768805.17155968
29,1569,3362,5055771.45400574,2894072.92280669
29,1570,3363,5109954.16344628,2934800.73192395
29,1571,3366,5017592.32516317,2848747.36348412
29,1572,3372,4891029.8630689,2886507.42480006
29,1573,3375,5065013.09187817,2846710.18411218
29,1574,3377,5096679.27159951,2910555.75184343
29,1575,3381,5220505.9547296,2962495.41206955
29,1576,3382,5134483.67385719,2988142.11237307
29,1577,3383,5033137.14580865,2870296.50530622
29,1578,3386,5078645.65886926,2971377.92097445
29,1579,3388,5158370.93094048,2894207.45471124
29,1580,3391,4986614.80192547,2955604.65722789
29,1581,3394,5060032.77579187,2865219.09463061
29,1582,3396,4924762.81373427,2930354.71348576
29,1583,3397,5204605.2541447,2892043.36202068
29,1584,3400,4980274.25616937,2898265.81871702
29,1585,3401,4953052.95208591,2867117.76902062
29,1586,3404,5168040.40939534,2921139.3777331
29,1587,3408,4841876.43195038,2846736.58449443
29,1588,3412,4934873.5916866,2950143.05444626
29,1589,3414,5046020.40732879,2923287.9600438
29,1590,3415,4946196.19540088,2959856.88158194
29,1591,3417,5010181.74524067,2940073.89458394
29,1592,3418,4990542.3086667,2905725.13339711
29,1593,3419,4962841.4356613,2969431.98229855
29,1594,3421,4932570.08931239,2941935.58481528
29,1595,3423,5006018.67067237,2837939.06930113
29,1596,3426,5134161.98125908,2977635.96953109
29,1597,3428,5122662.16072415,2964863.45754124
29,1598,3429,4942490.26777811,2940630.28781427
29,1599,3434,5133215.19138029,2957004.61794885
29,1600,3435,4932130.22575444,2931974.34390339
29,1601,3436,5090877.54879953,2920742.3180401
29,1602,3439,5110718.20264116,2941328.53042599
29,1603,3440,5013686.86634688,2910107.92066743
29,1604,3441,5096041.07027105,2894902.74286072
29,1605,3443,5013833.62390503,2944692.8902744
29,1606,3444,5021802.21900757,2864923.6512459
29,1607,3446,4843498.84760689,2831866.48575295
29,1608,3450,5161901.36852402,2949211.89660513
29,1609,3454,4958640.51777409,2862276.94307575
29,1610,3455,5083839.81067174,2896074.7654224
29,1611,3456,5016418.36316861,2890899.73441115
29,1612,3457,4951202.88449913,2847237.30155985
29,1613,3458,5090985.97015111,2911977.28402771
29,1614,3462,4970822.49792514,2837812.85992163
29,1615,3463,5059972.5611399,2923199.35301718
29,1616,3464,5070214.52782284,2899099.15549209
29,1617,3465,5102028.57887545,2897870.17693011
29,1618,3466,4970175.51418759,2854894.52381577
29,1619,3469,5048200.37609804,2876898.64659438
29,1620,3470,5154496.98440296,2972047.6653956
29,1621,3473,4985334.84902297,2876375.48800967
29,1622,3479,5046916.95370569,2856691.88911732
29,1623,3480,5020451.79436142,2892324.58188553
29,1624,3481,5177720.38103132,2977417.71259885
29,1625,3482,5033686.2803237,2857229.75673246
29,1626,3486,5027579.10567458,2904661.41370128
29,1627,3488,5190061.74107407,2950280.82459256
29,1628,3489,5032699.90854212,2872660.4190629
29,1629,3490,4854755.51504169,2831650.65469175
29,1630,3491,5048871.20042005,2892155.61081285
29,1631,3492,5109446.99005572,2892332.76547833
29,1632,3493,4845633.2570203,2858006.8961257
29,1633,3495,5093477.36075933,2909253.17270945
29,1634,3498,4922434.52258383,2931553.87635501
29,1635,3499,5133689.06834543,2964249.97919303
29,1636,3500,5128552.2929988,2915906.75123107
29,1637,3501,4928823.99127959,2852730.18416743
29,1638,3505,5001322.11982993,2907432.74117567
29,1639,3506,4982203.68889677,2924909.49199045
29,1640,3507,5103321.71029348,2893810.97813734
29,1641,3508,5133303.24929729,2954768.56642939
29,1642,3511,5042556.94160074,2900896.70594442
29,1643,3513,5088164.54715894,2883539.78731063
29,1644,3514,5192576.76970444,2945553.79896022
29,1645,3517,5132942.29963399,2969912.70428078
29,1646,3518,5092624.51675144,2915049.85540519
29,1647,3523,5067071.59667126,2921290.24650786
29,1648,3524,4877820.29404749,2884540.05259744
29,1649,3525,5086804.71683228,2864287.53136348
29,1650,3526,5220619.85365155,2925416.78749588
29,1651,3527,5141739.90894836,2899569.83207808
29,1652,3528,5003436.03988041,2910573.96697025
29,1653,3531,5078316.59659976,2974215.28986143
29,1654,3532,5144898.39153009,2959530.35033043
29,1655,3534,4974808.04503497,2862173.14845748
29,1656,3540,5065612.73544254,2949266.14954048
29,1657,3541,5184129.42561449,2957226.81193439
29,1658,3543,5078994.78521463,2901209.55121257
29,1659,3544,5200944.41238334,2940770.44797938
29,1660,3546,4978474.83493599,2951010.64988735
29,1661,3547,4906387.455607,2900992.25604949
29,1662,3550,4974242.05370256,2831615.90300616
29,1663,3551,5173763.05981988,2985118.91364991
29,1664,3555,5069924.32196016,2883532.18032171
29,1665,3556,4994958.2769138,2964968.19924284
29,1666,3557,4854911.54572277,2862648.6407491
29,1667,3559,4975299.76609079,2867922.87978402
29,1668,3560,5187907.34002415,2946002.23317726
29,1669,3563,4940740.97585241,2948169.69032518
29,1670,3566,5067867.01137261,2943437.70623895
29,1671,3572,5151253.82113856,2973289.87349526
29,1672,3576,4856955.67784591,2831561.9471744
29,1673,3579,4991138.58622428,2909913.67253836
29,1674,3580,4977170.20727116,2884109.23397243
29,1675,3581,4990816.67160067,2868331.06470786
29,1676,3584,5105180.60602318,2909405.38915788
29,1677,3585,4907629.43356353,2898932.51013939
29,1678,3587,5152869.09566769,2921522.23224934
29,1679,3588,4898020.92229127,2768619.16374908
29,1680,3591,5051667.26511268,2923833.45434084
29,1681,3592,4946757.87796924,2899501.71418506
29,1682,3593,5069794.31517381,2958495.49918792
29,1683,3594,5141329.09904319,2916162.97756799
29,1684,3595,5220216.85614092,2964245.66251827
29,1685,3597,5005188.36219312,2839059.628706
29,1686,3600,4941072.86259302,2885176.07197318
29,1687,3601,5074535.40551273,2847075.41631476
29,1688,3602,4935911.2700604,2941677.64785858
29,1689,3603,5082601.34087736,2969422.04243734
29,1690,3604,5075373.93547278,2912027.51923643
29,1691,3606,5081268.921369,2885723.28452903
29,1692,3607,4917127.80388271,2918619.93958991
29,1693,3612,4880344.5921421,2781800.67130551
29,1694,3614,5058883.15253834,2891867.30329542
29,1695,3616,4906840.83536646,2792813.46775327
29,1696,3619,4957385.76569645,2899149.44567791
29,1697,3622,4973463.96972221,2902953.29262897
29,1698,3623,5000592.02437103,2952482.05416654
29,1699,3625,5129100.99860753,2953069.86498546
29,1700,3627,5155396.09877075,2939929.44097696
29,1701,3628,4928257.342818,2889907.10132035
29,1702,3629,5047727.06924853,2892105.29475114
29,1703,3633,5055173.59282506,2872326.14551089
29,1704,3641,4972553.88038542,2804507.53381171
29,1705,3642,4981389.82990733,2835383.64195678
29,1706,3643,4940925.58357966,2911346.51670361
29,1707,3645,5046639.81981768,2857136.25351029
29,1708,3654,5034162.19252804,2875916.54777012
29,1709,3655,5168280.39315882,2965073.57996616
29,1710,3659,5055146.54323032,2913784.92799909
29,1711,3664,4918352.58933157,2902052.03623202
29,1712,3665,4995634.69696199,2864194.48499561
29,1713,3666,5059548.44258556,2956677.76125161
29,1714,3667,4955014.2729751,2958630.66347203
29,1715,3672,5126766.46361885,2930499.10838183
29,1716,3673,5070175.6145239,2901219.87255456
29,1717,3674,4851256.99424469,2853460.97355173
29,1718,3676,4960625.15584635,2859690.10397765
29,1719,3677,4913069.68408775,2878172.33902684
29,1720,3678,5023909.97334814,2925887.47447145
29,1721,3679,5049848.56874502,2941514.3015556
29,1722,3680,4939204.70652474,2860073.68241184
29,1723,3683,4884608.53702267,2865724.92491455
29,1724,3684,4981142.2920016,2854711.69866936
29,1725,3685,4956833.06861861,2869655.16215772
29,1726,3686,5040347.4277053,2919215.07754519
29,1727,3687,4833717.65388609,2833388.25632903
29,1728,3689,5136208.96788679,2987947.10072105
29,1729,3693,5086078.11673282,2962713.80707315
29,1730,3694,4998840.44408095,2823783.57403537
29,1731,3696,5083323.93934345,2968224.30390234
29,1732,3697,5147122.74666733,2952266.96038316
29,1733,3698,4907873.60323547,2899333.08747121
29,1734,3699,5090906.67476543,2900358.62285881
29,1735,3700,5222134.43266357,2923973.99536294
29,1736,3705,4972592.60933192,2826301.72444489
29,1737,3706,5143024.99766432,2922133.03635362
29,1738,3709,4938210.69057339,2951554.38751555
29,1739,3712,5071677.50510042,2875502.63996191
29,1740,3713,5104346.72654938,2955958.10422338
29,1741,3715,5014074.51942774,2934432.57304274
29,1742,3716,4941583.80538971,2951696.20881824
29,1743,3719,5100243.73211389,2954609.50603823
29,1744,3723,4874850.17631382,2785781.65487208
29,1745,3725,4982020.69809692,2954701.63337952
29,1746,3727,5044410.03511579,2919613.17517269
29,1747,3729,5047106.22566592,2866165.28221124
29,1748,3731,5059926.53985347,2884551.55584988
29,1749,3734,4957420.02667525,2958961.60505805
29,1750,3736,4990142.13707018,2905148.96173689
29,1751,3739,5011964.52506735,2831875.78199771
29,1752,3740,4967199.04794351,2885561.79973509
29,1753,3743,5204506.96588172,2963597.27685893
29,1754,3744,4901777.33827731,2869140.94765403
29,1755,3745,5015270.36095607,2876000.03196126
29,1756,3746,4962213.49952575,2907127.30962878
29,1757,3748,4926624.91283729,2893183.30768035
29,1758,3752,5127536.71990081,2967545.39883776
29,1759,3753,4952795.0108566,2847747.90574105
29,1760,3755,4897752.66668541,2887514.72778228
29,1761,3757,5065924.67525338,2955359.78899255
29,1762,3758,4919689.20661714,2904709.83115711
29,1763,3760,4876626.6467634,2862855.89313346
29,1764,3761,5087144.34861456,2907813.5827895
29,1765,3763,5019331.9620679,2857782.51686521
29,1766,3766,5009408.77955865,2921674.28762028
29,1767,3768,4844166.16379005,2813712.19994117
29,1768,3769,5122570.82130488,2976126.81736225
29,1769,3771,4856875.12313154,2843589.98298374
29,1770,3772,5033422.72894898,2863172.53433359
29,1771,3773,5122984.66362854,2928408.82558461
29,1772,3774,4848283.86750758,2815530.54533677
29,1773,3777,4931562.69546746,2800473.29380414
29,1774,3779,4938927.02273801,2905978.68518257
29,1775,3780,5065100.76300273,2876337.46329769
29,1776,3781,4827568.68490769,2828211.42395285
29,1777,3784,4975173.72420628,2958379.69683012
29,1778,3788,4972679.55836119,2951263.67422266
29,1779,3791,5095542.28765601,2947670.1578782
29,1780,3793,5061074.96609168,2886637.72676209
29,1781,3795,5048377.44995479,2908301.87729785
29,1782,3796,5204119.97765594,2906470.76230572
29,1783,3797,4974510.336232,2947074.90934862
29,1784,3798,5108722.36813234,2914162.92270807
29,1785,3799,4948774.79731408,2922872.77360608
29,1786,3800,5082344.17011697,2882938.10352567
29,1787,3801,4948287.27499532,2858060.64640618
29,1788,3803,5200109.26834638,2934320.03552228
29,1789,3804,5123977.52039447,2918377.4158513
29,1790,3805,5043802.56344547,2928057.89983421
29,1791,3810,4912251.40521841,2864519.13309463
29,1792,3811,5087557.43593336,2947985.44494785
29,1793,3813,5005065.96701632,2983894.19154974
29,1794,3814,4969323.44800698,2964333.02132787
29,1795,3815,4868296.37975963,2853494.90188069
29,1796,3816,4906940.49439173,2898465.49692361
29,1797,3820,5060181.09514829,2931038.65251825
29,1798,3821,4920337.78945003,2937552.70682807
29,1799,3825,5116158.88354346,2923124.44059758
29,1800,3826,5073396.00855695,2925462.76352587
29,1801,3833,5097145.91034075,2900993.94177529
29,1802,3836,4932275.47615605,2922556.51875661
29,1803,3840,4983601.02066458,2930645.56867152
29,1804,3842,4913982.46534305,2926191.26252381
29,1805,3843,5170071.7081537,2966682.41696182
29,1806,3847,5075391.22411192,2862148.08938437
29,1807,3854,5196759.41345115,2964794.98290136
29,1808,3856,4851402.65909314,2853079.92151505
29,1809,3857,5189412.32216658,2934160.22100357
29,1810,3859,5034743.29698359,2907255.84266277
29,1811,3863,4914086.82449103,2882602.15487997
29,1812,3868,4994638.69368307,2931421.88945445
29,1813,3869,4994063.24354146,2931214.01478623
29,1814,3871,5205034.60676939,2949781.66936674
29,1815,3873,5180232.38389951,2986220.54998645
29,1816,3875,4945253.24278752,2901492.30083228
29,1817,3876,5028910.02163517,2912302.4753214
29,1818,3878,4940366.02568845,2882763.97380548
29,1819,3880,4983288.25146353,2845835.11992875
29,1820,3883,5214300.46646705,2937472.67809229
29,1821,3884,4930769.66644393,2855174.45287882
29,1822,3886,5030002.0893939,2911676.80521212
29,1823,3891,5037729.21426215,2872047.89105943
29,1824,3892,4986570.88295848,2899755.68221237
29,1825,3893,5100548.26502485,2902995.07915631
29,1826,3895,4933388.67461846,2881782.29354218
29,1827,3896,5029603.29929996,2862144.74587815
29,1828,3898,5210589.48315102,2892948.59345651
29,1829,3899,5185653.4935233,2961258.07602643
29,1830,3900,4855670.87217798,2836858.20250386
29,1831,3902,5175683.09445318,2951053.50859145
29,1832,3904,4944133.85616749,2931951.91160218
29,1833,3905,4956859.76878086,2967257.73074409
29,1834,3908,5154743.35193939,2948251.17501079
29,1835,3910,4942935.06049719,2918901.78652515
29,1836,3912,5167579.6999602,2925295.07595407
29,1837,3914,4937314.56640982,2897360.82431814
29,1838,3916,4965821.24838887,2887723.37116378
29,1839,3922,5046891.3785508,2834884.1177133
29,1840,3923,5032050.56261692,2880398.21353991
29,1841,3927,5162800.15903308,2902201.10075796
29,1842,3930,5213191.45434356,2939037.75204694
29,1843,3931,5157420.07807529,2934216.52757202
29,1844,3932,4928108.44820315,2856173.36630769
29,1845,3933,4958075.05853233,2903532.70345522
29,1846,3940,4966676.25730255,2959076.72191901
29,1847,3941,5115694.07051759,2914757.92255987
29,1848,3943,5221505.97259572,2951426.56896918
29,1849,3945,4939104.68724931,2877932.36402696
29,1850,3947,4945963.14494323,2834348.96575559
29,1851,3948,5163281.59948645,2951761.46105838
29,1852,3951,4952883.01918589,2782831.52543035
29,1853,3954,5068741.71293164,2917561.59060202
29,1854,3959,4960284.69168337,2936893.50486642
29,1855,3960,4974513.84429761,2959768.51783259
29,1856,3961,5014564.61172081,2943435.97441654
29,1857,3962,4977365.94105561,2910217.19625316
29,1858,3964,5047164.15839214,2870942.19175356
29,1859,3965,4843225.54607843,2833261.575714
29,1860,3966,4944130.962623,2878167.29524067
29,1861,3968,4953301.24041009,2866456.82471669
29,1862,3969,5172754.78429017,2956934.02636239
29,1863,3970,5043187.45877307,2843439.33065102
29,1864,3974,4961792.0161903,2954395.73814037
29,1865,3978,5134998.37011978,2989983.19494211
29,1866,3979,5128032.46625555,2958866.06499445
29,1867,3983,5021872.98681478,2904928.56363517
29,1868,3987,5040326.98677642,2884919.85532138
29,1869,3993,4985807.51316368,2851614.51537033
29,1870,3995,5174038.75815582,2973850.13990406
29,1871,3996,5174574.6904472,2972684.72071493
29,1872,3999,5023597.97052695,2896076.42049501
